CIK,Ticker
1113809,BBW
93389,SMP
930667,MXI
776867,WTM
1056285,KIRK
1286613,LINC
71691,NYT
78890,BCO
1084201,SVA
933974,AZTA
1026655,CMT
1006045,IRIX
877860,NHI
1267902,WIW
40211,GATX
930667,IAT
874396,LCUT
862692,CCEL
102729,VMI
914156,UFPT
1289636,PFIE
1494728,PSLV
1270131,SCD
38984,EXTR
1012100,SEE
1059556,MCO
1126741,GSIT
730272,RGEN
1413447,NXPI
1514991,AMCX
68505,MSI
788920,PDEX
1418819,IRDM
866787,AZO
22444,CMC
1028918,PPBI
744825,AMS
89439,MLI
19584,CHE
50725,GFF
1099219,MET
844790,PMM
1282637,NEU
102109,UUU
310142,SXT
804123,TWN
16040,CBT
717605,HXL
50493,IMKTA
6176,AP
899629,AKR
926761,CPHC
1123360,GPN
1165002,WHG
1041514,LSAK
749251,IT
313364,MTR
913241,SHOO
811922,MGF
91767,SON
814547,FICO
878932,EQS
1156388,BGFV
915913,ALB
850209,FL
836157,LNN
45876,NVRI
910606,REG
889348,CVU
56679,KFY
1102238,ARL
319655,SJT
26324,CW
886982,GS
1050915,PWR
84839,ROL
34563,FARM
1062579,DOX
917520,IART
931584,USAP
2098,ACU
92416,SWX
58696,LEN
55529,KEQU
105418,WMK
1018963,ATI
789570,MGM
885550,CACC
88948,SENEA
3499,ALX
317540,COKE
30305,DCO
216085,HVTA
1042046,AFG
858470,CTRA
352915,UHS
97216,TEX
84748,ROG
821130,USM
828944,WSFS
909724,TLF
875582,NTIC
908315,WINA
1080340,LOAN
61004,LGL
1069258,KTOS
1027552,BSAC
1100663,EUFN
900422,PMO
21076,CLX
796343,ADBE
1138118,CBRE
1173420,NG
868278,PRPH
30697,WEN
1114925,LTRX
933034,STRT
1136893,FIS
1371489,III
940942,HUBG
6207,AXR
746514,NEN
888491,OHI
795403,WTS
74046,ODC
723125,MU
73290,BMRA
1050825,SCS
6082,AME
1022408,PLUS
790816,BDN
103145,VECO
310764,SYK
1067701,URI
1043509,SAH
1058811,IMMR
1300514,LVS
1101215,BFH
1231346,SA
779544,ARKR
1435508,FSFG
826735,MIN
1041859,PLCE
1010470,PROV
933036,UPBD
1102993,LPSN
315709,IBOC
907242,MCRI
907254,BFS
879169,INCY
72162,NL
894627,EGY
99780,TRN
356037,CSPI
23197,CMTL
832101,IEX
822416,PHM
351834,STKL
832988,SIG
1611647,FRPT
851170,MCR
1589526,BLBD
834365,BLFS
1233087,FTF
1000753,NSP
40729,ALLY
1624794,CSWI
1583107,TBPH
1524358,VAC
1651311,MRUS
1174169,AQN
1219120,AVK
1091667,CHTR
1386278,GDOT
1325702,MX
1652130,NTLA
798287,PAMT
816956,CNMD
940944,DRI
1336050,EGF
1067294,CBRL
6845,APOG
1592000,ENLC
14272,BMY
1169445,TBRG
1393883,DHX
1612042,ASND
1604821,NTRA
1692063,SNDR
1669811,DFIN
708821,PAR
918541,NNBR
723612,CAR
1169561,CVLT
1384195,REI
901491,PZZA
1338940,PERI
78749,AGYS
821483,PARR
1705110,ANGI
1494582,BOC
1302215,HLI
32621,MSN
1379785,BBDC
312069,BCS
1736946,ARLO
98222,TDW
1137547,UBFO
1319183,FMY
1065078,NTIP
33533,ESP
56868,PNRG
96536,TAYD
36270,MTB
1010086,SIGA
1065280,NFLX
107687,WGO
947484,ACGL
740664,RFIL
101538,UAMY
733590,TCI
745308,JOE
896262,AMED
103973,VMC
1013871,NRG
1013237,FDS
911177,CWST
1206264,TPX
1552198,WHF
811641,ICCC
1620533,SHAK
1136869,ZBH
882796,BCRX
75659,MERC
780571,ITRI
1562476,TMHC
1411207,ALSN
1013488,BJRI
924719,SMID
94344,STC
1651308,BGNE
1469395,PAM
63754,MKC
1130144,BSRR
100378,TWIN
1362468,ALGT
709337,FMNB
1347557,PAC
1497770,WD
740971,OPOF
1331284,DHT
1476765,GBDC
1363829,ESGR
1561680,TPH
842518,EVBN
752642,UMH
1320760,TSSI
700841,RCMT
1253689,GLYC
1674416,CRSP
925528,HDSN
1021162,TGI
353184,AIRT
1585364,PRGO
885508,STRS
1342874,TX
1129155,MPX
1372020,GLDD
1116942,TTMI
1260221,TDG
1559053,PRTA
1123452,ASR
1469367,RUN
1580808,ATEN
1064728,BTU
846475,ZYXI
1533924,AMPY
1683606,CARS
1630805,BW
1478242,IQV
1304492,ATEX
1447362,CSTL
1004989,SGRP
1616543,SENS
1322422,HBM
943452,WAB
1546417,BLMN
95953,ACNT
729580,BELFA
921671,GGT
886136,SGA
852772,DENN
46250,HWKN
897322,GILT
1316835,BLDR
1171759,RRGB
102426,STEW
801337,WBS
1174922,WYNN
90896,SKY
21175,CNA
5981,AVD
1047340,FDP
883241,SNPS
728535,JBHT
16918,STZ
889900,PTEN
88948,SENEB
863900,MXE
866374,FLEX
763563,CHMG
1070423,PAA
912603,RDUS
9092,BMI
108385,WRLD
352825,FSTR
9466,CDP
351998,DAIO
1502377,CTGO
1097149,ALGN
1022079,DGX
910638,DDD
69488,MYE
910406,HAIN
1333141,FMS
788329,JOUT
1078271,EXTR
814586,LWAY
91440,SNA
316888,ASM
25895,CRWS
1086600,ARLP
1046311,CHH
899751,TWI
766829,SJW
30625,FLS
1142750,AMN
787253,NAII
1001250,EL
277135,GWW
860731,TYL
723603,CULP
919893,TDF
899689,VNO
855886,PDT
916540,DAR
700565,FMBH
1401564,FFNW
785557,DLHC
1072627,KFS
1227073,ERC
1128928,FLO
814052,TEF
921557,RBCAA
1041803,PSMT
1084961,ECPG
1289848,HURN
1061069,AWX
850429,TG
8858,AVT
885725,BSX
1230869,ASA
1034957,CRESY
17843,CRS
99614,TY
101295,UG
1408198,ADBE
16058,CACI
1421517,ERII
1597095,TOUR
1137887,NZF
1121484,OIS
1048286,MAR
1482512,HPP
1309402,GPRE
1061219,EPD
881787,CRT
876427,MNRO
812011,MTN
5513,UNM
4127,SWKS
56047,KEX
30697,ECPG
49600,EGP
886206,FC
769520,MIDD
854560,GSBC
1437402,ARDX
8063,ATRO
1648416,RACE
896156,ETD
1517022,AKBA
100517,UAL
1554859,SMLR
1650132,FCPT
876167,PRGS
1070494,ACAD
1397911,LPLA
1050446,MSTR
1049606,CIX
1576789,WIX
107263,WMB
1257640,KRO
1499620,TAL
880406,CUBA
1224608,CNO
1559053,ALKS
1176309,ORMP
1514743,IROQ
1439095,MRC
1534675,TGLS
23217,CAG
880266,AGCO
3545,ALCO
1356576,SUPN
928658,CVLG
1434316,FATE
24090,CIA
72573,MOV
900075,CPRT
277509,FSS
1164863,NPO
17313,CSWC
1408075,GPK
69733,NATH
28917,DDS
876779,MGIC
89800,SHW
1275617,UTF
858706,GF
26058,CTS
887905,LTC
722487,CDNS
721371,CAH
1006655,EPM
894671,OVBC
105744,GBR
1539838,FANG
857855,UCB
1040470,AEHR
1463101,ENPH
1575965,GLPI
1366868,GSAT
87050,NEON
913277,CLAR
1452857,SPLP
807882,JACK
1682639,EYEN
863436,BHE
1600620,AUPH
1447028,ABUS
1600033,ELF
1434524,CLIR
1305458,FARM
1631574,WVE
1287032,PSEC
1505732,BWFG
1224133,MCHX
1726978,GSHD
65596,SIEB
920371,SSD
807863,MITK
71824,NEM
67347,MOD
60714,LXU
856982,MMSI
772406,CRUS
1000177,NAT
1018146,CHH
825542,SMG
108312,WWD
710752,SBR
1120246,AMRN
1532619,PW
1362004,ICFI
742278,RES
1451505,RIG
95552,SUP
790526,RDNT
7623,ARTW
62234,MCS
1541119,SFBC
826154,ORRF
316709,SCHW
5272,AIG
1111928,IPGP
924717,SRDX
4457,UHAL
931015,PII
888746,CCU
882184,DHI
876523,EZPW
96869,TRC
315374,HURC
1005229,CMCO
910108,LXP
1368622,AVAV
33992,KINS
31235,KODK
7431,AWI
1441236,CLW
352955,CKX
1522727,USAC
946394,ELLO
351789,ELSE
9984,B
930236,RWT
65433,MXF
80172,NPK
66418,MXC
350698,AN
1066605,HSII
718937,STAA
1002590,SGU
932695,CYD
106535,WY
278166,CVCO
1172724,GFI
925261,AKOA
1027664,ESLT
1026980,APWC
809559,TSI
1067983,BRKA
1464790,RILY
320187,NKE
1309108,WEX
932470,TEO
39020,FEIM
1169770,BANC
1331875,FNF
944148,CBZ
1083220,XELB
949157,CENX
1230992,MAG
764478,BBY
1088856,CORT
897448,AMRN
1005286,LFCR
1166388,VRNT
33488,ESCA
703604,DSGR
1478454,EBMT
1109345,NVMI
1162461,CUTR
923120,GBX
1144800,TAC
946581,TTWO
1030997,WILC
842633,TRS
1302028,MNTX
31462,ECL
799233,HTLD
894081,ATSG
731245,NEN
1368458,SBH
771497,ABM
919012,AEO
1070750,HST
789933,NC
110471,WWW
14693,BFA
1048695,FFIV
912242,MAC
2969,APD
277948,CSX
10329,BSET
1084869,FLWS
73088,NWE
798081,LAKE
27419,TGT
1261166,NRO
1345126,CODI
897077,ALG
67887,MOGA
716314,GHM
49071,HUM
896622,ATR
1057060,HZO
103595,VLGEA
775158,OSK
875045,BIIB
77543,TPC
1060822,CRI
1200375,CDXS
313927,CHD
59558,LNC
1069394,FSI
46080,HAS
831259,FCX
1037540,BXP
29644,DCI
31107,EML
105634,EME
25475,CRDA
779152,JKHY
51253,IFF
887225,KEP
850033,BPT
712770,OLP
864240,SYPR
14637,CVU
96793,SSY
891166,UVE
875320,VRTX
80035,PLPC
920522,ESS
1017303,TACT
918965,SCSC
895421,MS
1016281,CSV
60086,L
8818,AVY
66004,MSEX
860546,CDP
19871,CVR
850141,HMN
859119,CNI
887733,CENT
719955,WSM
20212,CHDN
822818,CLH
315213,RHI
101984,UEIC
766421,ALK
890066,GLBZ
1013131,BVN
313143,HAE
799195,USA
91142,AOS
1036262,INTT
1099590,MELI
1098151,FDBC
70145,NFG
70502,AGMA
1177702,SAIA
875657,ULBI
1005210,SPH
824142,AAON
15615,MTZ
56873,KR
91419,SJM
1373670,GRBK
1486957,BWXT
1144980,ABG
1066194,EGAN
1552800,TTSH
924822,MLR
1108426,TXNM
929008,WCC
909037,SQM
1513761,NCLH
910329,MED
60519,LPX
1042618,NICE
720500,ASYS
276720,PCYO
7645,ASA
724004,MLAB
1045986,FORTY
12208,BIO
1311810,RAIL
1307954,HUN
861459,GVA
57515,LANC
784199,AORT
57131,LZB
1334933,UEC
37472,FLXS
1701108,SPRO
1162194,LAB
1217234,CDNA
1643953,PRPL
825324,GTIM
1399520,STKS
1034670,ALV
1211583,FENC
1283699,TMUS
1537054,GOGO
18498,GCO
1289340,STXS
1086222,AKAM
727273,CDZI
1626971,CRVS
43196,GTN
1097864,ON
1002638,OTEX
1306830,CE
918251,MPAA
1047127,AMKR
1037868,AME
716133,CVCO
1053352,HTBK
1512762,CHRS
318380,PSA
1198885,WYNN
917491,FARO
898417,DAR
949961,IOR
1393311,PSA
730263,THO
108985,YORW
2178,AE
719402,FXNC
72333,JWN
1000209,MFIN
866273,MTRX
72331,NDSN
108516,WOR
1510593,XNET
807707,VOXX
1731388,EDRY
1228509,EHI
1692376,VEL
1606163,LMB
1653087,ALEC
1487610,NHS
1196298,NEPH
1579877,OUT
1065059,LEU
945983,CLMB
872912,DCTH
10048,BRN
791908,XOMA
81362,KWR
844059,FRPH
1442836,MRSN
717826,ERIC
1730463,AUTL
1275158,NDLS
1616741,FRPH
94845,LEVI
1517175,CHEF
1282850,FCT
750004,LNW
910631,KOF
764401,IIIN
1041368,RVSB
761034,FLWS
916076,MLM
12659,HRB
1514671,SIEB
1281895,RCKT
783412,DJCO
1285785,MOS
1677576,IIPR
845379,CHN
1439222,AGIO
97134,TNC
1275187,ANGO
76282,PKOH
1567529,KMDA
1349436,SD
1348911,KALV
33213,EQT
1476034,MCB
1386301,RSSS
729217,UPBD
1564902,PRKS
1505155,UPLD
1018840,ANF
1370946,OC
1679049,INSW
39092,FRD
1434754,SB
1649744,DLTH
317788,APPS
902791,BBSI
872589,REGN
1014473,VRSN
912728,FWRD
1159167,IRBT
48898,HUBB
96021,SYY
1368514,ADMA
1376139,CVI
1510295,MPC
1015739,AWRE
8146,ALOT
1367859,CZWI
821002,GIII
310354,SXI
74303,OLN
1029199,EEFT
916789,HELE
719733,KTCC
350894,SEIC
1529192,VIPS
1093691,PLUG
1012019,RUSHB
1500375,HFBL
70487,NRC
1323885,ATRC
1303942,BFIN
904851,YPF
1017284,SOHO
943583,EA
1035443,ARE
88941,SMTC
2230,ADX
1289868,MCN
913353,CIGI
1207179,GLNG
1625101,PLSE
1670541,ADNT
1157762,CAAS
1682241,MATH
819696,GCV
85535,RGLD
16732,CPB
935897,HIW
18748,CET
319654,PBT
107140,WLY
1069202,LII
42682,GRC
720672,SF
1016150,DAR
100885,UNP
880117,JBSS
1697851,REKR
944075,SCKT
1712463,PACK
1814728,SPT
1496323,IGMS
1280776,IMUX
1290900,CVGI
929351,LGFA
1517767,CCIF
1792849,HPK
1794338,IGIC
1737953,REPL
1720592,RPAY
1678660,PRLD
1683695,IMXI
1120970,LODE
1680379,SBT
1549107,MANU
1418135,KDP
1326380,GME
1785173,ETNB
1512499,LIND
1525769,PLAY
1710072,EWTX
763532,LYTS
316253,ENZ
1007587,KVHI
1372612,BOX
1785530,HOWL
1774983,BROG
1735707,GTX
1355839,PALT
96831,AIRT
1393726,TIPT
1337013,INFU
1013462,ANSS
88121,SEB
1378789,AER
785786,PLXS
27904,DAL
1016838,RDCM
916793,SILC
1412100,MHLD
49754,DIN
1069899,PAHC
1703399,SE
876343,LCTX
912766,LAUR
1773427,SWTX
1753673,SJ
216085,HVT
1772695,NOVA
896264,USNA
1599298,SMMT
1437925,GMGI
1799332,GAN
1468748,KOD
1534248,CMMB
1720580,ACET
1061027,VIRX
1007019,JVA
1013934,STRA
1703141,DESP
1333493,EHTH
1001614,REPX
1386570,CDXC
1404912,KKR
1835268,CNTB
1778016,IMAB
1564824,ALLK
865477,SQM
1108109,CYH
1009829,JAKK
1556727,FNWB
1529377,ACRE
1737806,PDD
1698990,MGY
16868,CNI
1370053,ANAB
1758730,TW
1400891,IHRT
1647088,WSC
1320695,THS
1759824,ALTG
1606909,PANL
1702924,WRAP
1693011,INZY
1804176,BFLY
885639,KSS
1705012,FAT
1720116,RDVT
1477449,TDOC
1671858,SPRY
1791706,LI
935036,ACIW
1520697,ACHC
1615905,JGH
1481513,JKS
1604028,WMS
1742927,RVPH
1415404,SATS
4281,HWM
1761612,BCYC
1701758,LOVE
1681903,ICCH
1341170,ESEA
1646188,ONDS
868857,ACM
1677940,BYSI
1805077,EOSE
908311,CMCT
1494904,GBLI
1477049,PHYS
69422,INTG
1104657,MTRN
1059786,EXTR
1110646,NTES
1297341,KFFB
1021561,NUS
100493,TSN
1221327,TY
912892,TV
912147,RMT
769397,ADSK
275053,NATR
1117171,CBAT
1692412,PLYA
1274173,JHG
1290677,TPB
1503802,KPTI
771266,KOPN
1808865,ITOS
1810182,ALXO
1628908,EVH
1410098,CRMD
1195734,PBPB
730464,ATGE
76267,PKE
884219,VVI
1507079,FND
1718419,SE
1044777,OSPN
849399,GEN
1809122,CVAC
1769484,BIOX
1020214,CERS
927653,MCK
786035,ASG
1756594,IVA
1787400,NKTX
31667,EDUC
1618921,WBA
1374690,LRMR
1070732,EVF
1657312,VRNA
1577670,LADR
837465,MODG
893949,MD
1235468,LQDT
813298,DXLG
889609,CPSS
1381197,IBKR
1377121,PTGX
1080014,INVA
1400810,HCI
891532,PESI
919567,RCG
315852,RRC
1549802,JD
1120193,NDAQ
1170905,CCU
1212545,WAL
1123494,HBIO
705432,SBSI
54187,MAYS
711377,NEOG
898437,ANIK
1015922,CHKP
26780,DAN
920427,UNTY
36146,TRMK
1068851,PB
1434868,ESPR
1690820,CVNA
1701605,BKR
1313275,BCOV
1590560,QURE
1495932,EXPI
1124140,EXAS
846913,FTEK
1333274,MERC
784977,POR
14930,BC
1499832,TSQ
1527636,ATHM
810136,PLAB
1265131,HTH
1178879,FOLD
43196,GTNA
912908,PLCE
795266,KBH
743367,BHB
1119774,CGEN
813623,SWZ
917225,XPL
883237,VRTS
912593,SUI
1180262,HLF
3570,LNG
1126960,BCO
825313,AB
1084991,NGS
1133421,NOC
810958,CZNC
1100682,CRL
1408100,KW
847411,CXH
318673,SNFCA
732026,TRT
915358,SGMA
40704,GIS
101063,AFG
1604950,SCPH
1698514,NESR
1326190,ALT
910068,HIO
794367,M
1058239,HIX
1743725,SPT
72444,VXRT
1749723,NFE
1388126,HNW
1599901,RNA
1270436,COHN
1596993,LPG
63330,MLP
95029,RGR
1004702,OCFC
82473,IHT
1347426,BMA
814585,MBI
33185,EFX
1051003,DSU
1629210,PZG
1108134,BHLB
1502292,CNFR
1301787,BXC
1623925,AM
1740332,REZI
1757840,INDO
763907,FUNC
1674862,ASH
1557746,ACRS
1645460,CUE
102752,VSEC
866729,SCHL
313616,DHR
105634,AAON
873303,SRPT
1005516,BOSC
1411207,ADBE
874761,AES
1267565,ESPR
1517302,APAM
920760,LEN
1468174,H
918646,EXP
1549084,EKSO
1609253,CRC
1750284,OLMA
1439725,BDSX
1024305,COTY
1664710,KROS
1369241,DAC
1623526,STOK
748268,RCAT
1799788,GLSI
46619,HEI
90168,SIF
26172,CMI
754811,GROW
729580,BELFB
884269,APT
851968,MHK
1735041,GTEC
1653558,PRTH
903651,INOD
1661059,NXTC
1726173,BHA
1725255,AHCO
1290476,VBFC
52827,RYN
912463,GES
930667,EZA
43920,GEFB
67887,MOGB
1090116,NVG
1195737,NEA
1488917,ELMD
1051512,TDS
1040829,RHP
1835579,IKNA
1516899,YTRA
1830749,ACHL
1490281,GRPN
1811414,QS
835011,MGPI
1453593,XTNT
1365767,ALLT
1098146,PNBK
1043186,SLNG
1819576,LQDA
1681459,FTI
1376339,MDXG
1124941,BECN
1484769,FUBO
1601830,RXRX
1403475,BMRC
948320,LFMD
1484778,TDUP
1756607,EQX
39911,GAP
1780312,ASTS
1111335,VC
723254,CTAS
887023,CRESY
895447,SCVL
1172052,SAFT
1282957,GLU
40533,GD
1023748,DDD
798783,UHT
773840,HON
833079,MTH
793733,SKYW
98362,TKR
916907,SMBC
82020,USLM
1044659,CRUS
909108,DHIL
724910,NVEC
1035983,FIX
906345,CPT
798941,FCNCA
886977,MEOH
1093672,PEBK
771992,PAAS
806172,SOTK
1401521,ACIC
38725,FELE
1774170,AIOT
81955,RAND
1514490,RGT
1659939,ENIC
1305767,PHD
707605,ASRV
1487952,VPG
1759631,HYLN
1071321,TKC
1787306,ARQT
1375877,CSIQ
1320854,RAIL
1776909,CURI
1254370,WIA
1683553,SPRB
1176984,EIM
1633932,EPIX
1518715,HMST
855658,LSCC
1576280,GH
829323,INUV
1723128,AMRX
1503584,CMRE
1743881,BBIO
793524,REFR
1083446,ASTH
1508478,ARCO
1587523,KN
800457,DGICA
1000230,OCC
1462418,ASPS
1448893,ESNT
1086156,APAM
1487428,HRZN
1035002,VLO
899923,MYGN
1115055,PNFP
1023128,LAD
1368265,CLNE
920760,LENB
1045986,MGIC
1063761,SPG
1547903,NMIH
16160,CALM
843006,ISDR
1396009,VMC
85961,R
353184,PDEX
1140536,WTW
1025835,EFSC
1069878,TREX
1203464,IAG
921114,ARMP
1379384,BTZ
745732,ROST
1031316,FSP
100591,AGX
1635282,RMNI
912093,VIAV
1496099,NMFC
755001,UTL
1397016,OPXS
1031623,GIFI
1120914,PDFS
1701051,WOW
1004980,PCG
797721,VSAT
1060391,RSG
714395,GABC
884614,UGI
1158041,AR
1409375,OESX
1377789,AVNW
1267238,AIZ
818033,HRTX
1533998,DRIO
12040,BDL
1475260,CVE
40417,GAM
101594,USEG
1616707,W
1823794,ARKO
1429764,BLNK
1725872,BMTX
1359931,TARA
800240,ODP
946563,RVP
1787297,PASG
1122491,BRFS
862831,FISI
1655075,AWI
1520262,ALKS
1232524,JAZZ
1621563,SUM
1059386,VVR
1448431,OPRX
1475922,PRI
1100592,ELSE
1261654,UTI
1341318,LSBK
1364250,DEI
879526,WNC
820313,APH
14846,BRT
920112,HTLF
1141688,LARK
1572334,VABK
910521,DECK
1167419,RIOT
1070412,CNX
1433270,AR
1415610,RMNI
825202,FUND
1031203,GPI
1020859,UNFI
64803,CVS
67215,DY
1050743,PGC
1724009,PRT
1773751,HIMS
1800347,ETWO
1641281,BOLT
1817229,VOR
1430725,GSL
1743725,GDYN
1709626,ASND
1831363,TERN
1627281,CLLS
1803914,PLBY
99302,TRNS
715446,ANIX
1438423,MRAM
739421,CZFS
891482,FLL
851310,HLIT
821026,ANDE
1052192,RDUS
914475,NBIX
55135,KELYB
1047335,NHC
1437958,CCB
1500435,GPRO
799850,CRMT
853816,LSTR
890541,BLX
76605,PATK
1056903,AWR
1280452,MPWR
65270,MEI
831641,TTEK
7536,ARW
1093557,DXCM
33002,EBF
102212,UVSP
46619,HEIA
1082554,UTHR
21535,COHU
80661,PGR
1108524,CRM
47111,HSY
78003,PFE
827052,EIX
1018979,AMSF
854775,DGII
1295810,SHO
744187,REX
1054905,IOSP
915912,AVB
1007402,CHMG
879101,KIM
1032220,MMS
1077688,HOFT
1308208,ULH
1163165,COP
12400,BKH
72903,XEL
820027,AMP
936340,DTE
230557,SIGI
1094366,RDWR
884887,RCL
37808,FNB
1166928,WTBA
837330,DVN
723188,CBU
799292,MHO
794619,AMWD
56701,KOSS
899715,SKT
928340,CWCO
1297996,DLR
1214816,AXS
82811,RRX
917470,ZEUS
1001233,SGMO
912562,ROCK
927003,AEIS
932696,NSIT
1335258,LYV
1173489,CEVA
1001902,IVAC
1163302,X
75252,OMI
874866,CRVL
939767,EXEL
912595,MAA
1278021,MKTX
105016,WSO
74260,ORI
823768,WM
945841,POOL
1350487,DLS
1166691,CMCSA
732712,VZ
55067,K
866706,ESE
915389,EMN
59478,LLY
789460,WKC
1176194,BLE
109563,AIT
28412,CMA
354190,AJG
73309,NUE
76334,PH
1102256,OPOF
1286681,DPZ
1041657,NVEC
876437,MTG
1324948,RBC
906709,NKTR
1065837,SKX
1315257,KOP
311094,WABC
1298946,DRH
913142,BDC
354950,HD
891024,PDCO
1046179,TSM
1350593,MWA
898293,JBL
1295401,TBBK
906163,NVR
916365,TSCO
352541,LNT
890926,RDN
1015328,WTFC
66740,MMM
871763,MAN
106040,WDC
868671,GBCI
43920,GEF
1111711,NI
1095073,EG
1012019,RUSHA
868780,DORM
1049521,MRCY
1109116,EVC
913144,RNR
1141103,CCRN
105132,WDFC
7084,ADM
858877,CSCO
1144215,AYI
1253986,ABR
65984,ETR
885978,USPH
1056696,MANH
97476,TXN
63276,MAT
1039065,OSIS
356309,NJR
804328,QCOM
50863,INTC
78066,CMG
889331,LFUS
716634,RDIB
42888,GGG
1223026,MHI
1032208,SRE
896878,INTU
92230,HOFT
708955,FFBC
1063259,DNN
4962,AXP
1289490,EXR
849869,SLGN
859796,JOF
1750,AIR
906107,EQR
1356223,BCV
75288,OXM
36104,USB
66756,ALE
1370450,WLDN
891014,MTX
16847,CM
56978,KLIC
1084765,RGP
874505,ICF
861884,RS
1090872,A
930420,KFRC
1049782,BRKL
320340,CCRD
864749,TRMB
701818,KGC
731766,UNH
917251,ADC
62996,MAS
731802,ATO
1119769,CRNT
911147,CNTY
80420,POWL
1287750,ARCC
8947,AZZ
923139,FFIC
936528,WAFD
104918,AVA
916618,IIF
1094285,TDY
822663,IPAR
21271,VLO
895456,RCKY
1280784,HTGC
39368,FUL
1005757,CSGS
726958,CASY
70858,BAC
1039684,OKE
36966,FHN
1116463,OSUR
1177394,SNX
1000623,MATV
734198,COST
1262823,WLK
1043604,JNPR
55785,KMB
830487,MHF
1049502,MKSI
4904,AEP
790354,CHMG
798354,FI
1071739,CNC
71829,NPKI
106532,WEYS
946936,DSWL
1031296,FE
59527,LECO
797468,OXY
1230245,PIPR
936468,LMT
726854,CHCO
2809,AEM
1045810,NVDA
48465,HRL
7789,ASB
883984,ICUI
752714,MGRC
857489,VGK
1086434,AUDC
887343,COLB
1239819,LUNA
1040130,PETS
719413,HL
1227654,CMP
320193,AAPL
10795,BDX
1109354,BRKR
851205,CGNX
1124198,FLR
1508475,VNET
1492298,SBRA
1137391,BFZ
1398659,G
1361538,PRIM
1168164,RWX
1501585,HII
895574,VFL
1436425,HBCP
43365,GLDD
1122904,NTGR
921825,FR
1158324,CCOI
1364885,SPR
1324404,CF
801961,MFM
1450011,LTPZ
926326,OMCL
1505413,VOC
102037,UVV
1062231,AXL
89089,SCI
794170,TOL
1064641,XLB
1287865,MPW
717423,MUR
1273813,AGO
1137183,IGM
949870,SAM
1078075,NTCT
6281,ADI
1004434,AMG
813672,CDNS
887596,CAKE
715153,HMC
1100663,IDGT
1133470,CVGW
217346,TXT
886346,KAI
97745,TMO
1048911,FDX
318154,AMGN
746598,BRC
877212,ZBRA
1100663,IXG
18255,CATO
75362,PCAR
103379,VFC
45012,HAL
921082,HIW
1096343,MKL
917100,IFN
1168455,PLBC
60667,LOW
917273,RMBS
103730,VSH
29002,DIOD
703351,EAT
42582,GT
75129,OTTR
712515,EA
921738,PENN
704051,MTG
31791,RVTY
934637,UNM
1070296,FCAP
97210,TER
319201,KLAC
1100663,USIG
1142417,NXST
790051,CSL
1064642,SPSB
930667,EWH
1130464,BKH
1479094,STAG
1158463,JBLU
1131383,STN
1074692,CEV
1350487,EZM
1497186,HYI
936395,CIEN
810972,FXL
1259708,FRA
1041934,EDAP
1476150,TRNO
1396814,PCRX
1288469,MXL
2488,AMD
70866,VYX
9389,BALL
921582,IMAX
1064642,SPIB
712034,ACCO
1064641,XLU
1350487,EES
1058290,CTSH
1278895,CII
1114039,BHB
750686,CAC
52848,VFH
1048477,BMRN
1329394,SIMO
1409832,EES
1290109,LPL
885245,BKE
1053706,CRAI
1052752,GTY
1019849,PAG
52848,VIS
924901,VRE
49196,HBAN
1125376,ENSG
1100663,IEV
895417,ELS
105770,WST
1144967,HDB
829224,SBUX
84636,ROK
52827,BSX
1097797,CRL
1639691,LIVN
733099,RCI
1562463,INBK
1530950,POST
1383496,FXH
1373715,NOW
1318484,CTRN
1517936,HYLS
104894,ELME
1406666,CALX
1384101,VCYT
702165,NSC
1369568,CPRX
1370637,ETSY
1581068,BRX
1597264,BPMC
1590955,PAYC
890393,MIY
1355444,ERJ
1061894,GIL
1083839,NVG
1594805,SHOP
1503123,RVNU
311337,SU
1519401,RM
1294133,INGN
1510337,FGM
1671933,TTD
1713930,NEXA
1378872,PXH
1658247,CRNX
51644,IPG
1185348,PRAA
1398987,HOUS
716605,PWOD
1381640,MLCO
1672909,CPHC
1219601,CCK
713425,LGTY
1104188,SOHU
1074540,CEV
1402057,CDW
805267,HQH
1680247,PUMP
1675149,AA
1350653,ATEC
1434621,TREE
1682745,VRRM
1466085,IRT
1556593,RITM
1209466,PEZ
1635977,THW
73124,NTRS
1023313,FORR
1576942,SFIX
1429937,BTG
934549,ACTG
1598110,CYBR
1481792,QUAD
1630472,TRTX
1337117,ITRN
1423774,ZUO
1659166,FTV
1329377,FBT
9326,BCPC
4977,AFL
943819,RMD
1192448,GKOS
1721741,GORV
1656081,DAVA
1001316,TGTX
1071255,GDEN
815097,CCL
1314727,SONO
1156375,CME
33934,CRF
75677,PKG
1137091,PSIX
1703956,BBCP
1025996,KRC
93751,STT
1521951,FBIZ
1692528,IMMP
832428,SSP
62709,MMC
1062822,LXRX
29989,OMC
1528849,RH
1438231,DMRC
1708259,LX
1489393,LYB
1493594,MTSI
79282,BRO
1493761,HEAR
1110803,ILMN
1222922,EVV
1428336,HQY
1691303,HCC
886043,MMU
1436126,MG
1328919,GASS
1327811,WDAY
1551182,ETN
1578453,DLNG
751365,VIRC
1526520,TRIP
1295947,PBH
846671,VLT
1705696,VICI
1327688,OOMA
1060559,BFAM
1089443,DMRC
1696558,JRSH
1404655,HUBS
1540305,GOAU
29905,DOV
714562,THFF
1521036,LNTH
793040,ECF
799288,LE
92103,EIX
746838,UIS
1174610,HDG
1413837,FFWM
96943,TFX
1009001,CCJ
1077428,TCBI
706129,HBNC
1475115,EB
1504008,BKU
63908,MCD
1717161,CEPU
1509991,KOS
1382230,ESSA
814453,NWL
1515324,ARDC
909327,SUZ
1627223,CC
1697500,SEI
1627475,UPWK
10456,BAX
1106565,LQDT
737468,WASH
1650664,EDIT
713676,PNC
1000184,SAP
719135,APYX
1067406,LQDT
1705873,BRY
1366561,SMAR
1289308,ENS
1584207,OMF
35527,FITB
1567514,ITCI
1394056,OSS
759866,JHS
831655,MPV
1296445,ORA
1477294,ST
1117297,QNST
1692415,CODX
909494,TCX
1385613,GLRE
3453,MATX
1481582,RYI
866829,HLX
1291000,MWA
1392972,PRO
1178670,ALNY
1649904,RYTM
1461492,SVRA
1517399,SUPV
1609804,OEC
721994,LKFN
356171,TCBK
1320414,SEM
1468328,ADUS
1660280,TENB
275694,MCI
1636651,OVID
859737,HOLX
1468666,SCWX
1288403,WTI
880807,AMSC
1109357,EXC
14707,CAL
1649096,CLPR
1096056,LXFR
1090009,SFST
1100663,TLT
1702780,ATUS
1437578,BFAM
1462120,LOB
1413329,PM
1464591,GPRK
1617640,Z
5094,VBF
1604481,CMBT
79879,PPG
1633931,BLD
1584509,ARMK
1374310,CBOE
1519751,FBIN
1402436,SSNC
1625791,KRNT
1017284,SMID
1541401,ESRT
39263,CFR
1534701,PSX
1524025,TLYS
833640,POWI
1570827,VCTR
1047862,ED
1653242,NTB
1638097,ENTX
1604778,QRVO
1285819,OMER
1285786,EMX
1530721,CPRI
737758,TTC
1620459,JRVR
1170010,KMX
51143,IBM
1347178,VNDA
1110651,NTES
1733868,CNF
1121788,GRMN
1626878,XBIT
1320461,CPS
1179929,MOH
1674168,HGV
93410,CVX
1057352,CSGP
18230,CAT
1039399,FORM
1362190,AEYE
1714899,DNLI
1343793,BTA
1660134,OKTA
1590976,MBUU
908255,BWA
109380,ZION
70318,THC
354707,HE
1560327,RPD
1041061,YUM
1611983,LBRDA
1609550,INSP
1003078,MSM
69633,NSSC
1032033,SLM
1443646,BAH
1673985,ASIX
887936,FCN
1301236,SOHO
77476,PEP
1582313,XENE
1382821,RDFN
1105101,GIGM
887359,VCEL
1090425,LAMR
914122,PPIH
1157601,MDGL
1746466,EQ
720005,RJF
1425205,IOVA
1332943,IGA
73756,OII
821189,EOG
1710340,ETON
883569,FOSL
1459839,SIBN
1338749,PCH
1577437,ASC
1609711,GDDY
1104506,INSM
46765,HP
1001290,BAP
1422427,STAA
1130713,BYON
1045609,PLD
1665918,USFD
1724521,RCUS
796505,CLFD
355811,GNTX
1521404,BGH
722572,FKWL
354647,CVBF
1609809,MCRB
1677703,CNDT
796534,NKSH
1506289,BCX
1496749,HEQ
1022321,GEL
1628369,CWK
1727263,FTDR
1125345,MGNX
844965,TTI
74208,UDR
1027838,TCMD
827054,MCHP
21344,KO
1495153,MMYT
1699136,WHD
1177162,ENX
1057379,HCKT
355019,FONR
1035092,SHBI
21665,CL
799165,DWSN
1393052,VEEV
793952,HOG
1467373,ACN
1336920,LDOS
1472215,JLS
1443669,PRLB
1388658,IRTC
730708,SBCF
860489,CEE
1425116,MX
1597553,SAGE
1591698,PCTY
1168164,GII
1549966,SAMG
1486298,BSL
1578732,MMI
1035267,ISRG
24741,GLW
1017413,CNQ
1163370,NRIM
1704292,ZLAB
1423221,NX
1156039,ELV
4447,HES
1060955,ICLR
1511337,RLJ
1495320,VRA
1616262,RMCF
1595761,WB
64040,SPGI
706698,UTMD
1708688,IFRX
1003935,NICE
20286,CINF
1597672,RYAM
1336917,UAA
1362481,AGD
889971,LPTH
1227500,EQBK
943823,PLAY
711669,CBAN
1590717,CTRE
1318568,EVRI
1126328,PFG
935703,DLTR
1551152,ABBV
1038074,SLAB
51434,IP
1728951,EPRT
811589,FBNC
1422143,KURA
704562,CDMO
831001,C
1384905,RNG
314489,BUSE
1056358,MTEX
879585,ATNI
1361113,VRNS
1000697,WAT
1395942,KAR
1385632,IAE
731012,HCSG
1474098,PEB
55135,KELYA
1479290,RVNC
1667313,ZDGE
1441843,AGRO
1601548,VVX
1745431,STNE
912615,URBN
1177648,ENTA
932781,FCCO
1474432,PSTG
1173514,HY
1632790,ENR
763901,BPOP
1070081,PTCT
1095565,HSTM
67716,MDU
874766,HIG
1164727,NEM
1517396,SSYS
830622,PIM
898173,ORLY
890196,MQY
1446847,IRWD
1050140,DSGX
1738906,YI
876717,FCO
1702744,SMPL
1649749,FBK
1614178,YEXT
1550695,PHLT
1378872,PFIG
1087294,CPIX
879407,ARWR
1378239,OMAB
1090727,UPS
1260729,GDV
1639300,OLLI
1567569,FPF
1022837,SMFG
1617242,KRNY
906553,BYD
1651625,ACIU
915840,BZH
203596,WSBC
1672013,GOLF
1442236,QRHC
1222401,HYT
1209466,PTF
1393612,DFS
1124524,CYRX
1694426,DK
1424212,FEMB
766704,WELL
1640428,EVER
809844,CMU
1401667,PBYI
1581280,TWST
895728,ENB
1449792,PPSI
1597033,SABR
1089063,DKS
1287498,EVG
1434588,LOPE
1668243,URGN
1609065,PBHC
1547994,JPI
1145197,PODD
1326801,META
716634,RDI
1569205,IDXX
1573516,MUSA
1433642,HLNE
1109242,HAFC
1092699,SPSC
1281761,RF
1722608,IQ
55242,KMT
1718227,ROAD
1090012,DVN
1390777,BK
1428439,ROKU
1690511,GOOS
1520504,VLRS
1505952,DOMO
805676,PRK
1164771,NAK
923796,GEO
1612940,PRQR
1355096,QRTEA
1578987,BANX
1515940,KIO
715787,TILE
1552033,TRU
1320375,BOE
1417802,IDE
1050377,CNXN
1124796,LASR
1532961,NVEE
1579298,BURL
1669162,KNSL
723531,PAYX
1371285,TRUP
845877,AGM
1564708,NWSA
1499422,RBB
897802,SPE
1280058,BLKB
1456346,FNV
1699039,RNGR
1664703,BE
1024478,ROK
1697862,ARGX
1327318,TRUE
882095,GILD
1402829,ORN
1277902,MVBF
1636222,WING
1710155,EYE
1639920,SPOT
11544,WRB
1569994,WSBF
931148,EAF
1571949,ICE
1504545,BWG
1616678,BST
1359841,HBI
1717393,CAAP
1579241,ALLE
1499505,AGRO
1020710,DXPE
759944,CFG
1455863,COLD
1130310,CNP
1050797,COLM
27996,DLX
1645590,HPE
944695,THG
1352010,EPAM
1403161,V
1168164,GXC
1528988,BUI
1420520,ATOM
1515673,RARE
1389170,TRGP
1587732,OGS
1557860,GLOB
907464,YPF
874238,STRL
1711269,EVRG
1084048,ZD
1419139,PIN
1562401,AMH
1065088,EBAY
1356115,NXDT
1617406,PK
1503290,ACP
806968,WPP
717954,UNF
818686,TEVA
1517936,FCVT
1487712,AL
1466593,OTTR
1475841,NBHC
803649,EQC
1652044,GOOGL
1529864,ENVA
1209466,SPGP
89140,SVT
1138723,ARAY
36377,FHB
1736541,NIO
1576427,CRTO
1340736,ETY
1617640,ZG
740663,FLIC
1288847,FIVN
1712807,PAGS
1501989,CTMX
899051,ALL
1642122,AC
1318008,ZUMZ
1571996,DELL
1201792,APEI
34067,BOOM
6951,AMAT
1380936,GOF
818479,XRAY
809708,EMF
1692819,VST
700923,MYRG
1515816,PLYM
1375340,FOF
1485469,UIS
1114995,PI
1378992,BERY
746515,EXPD
1593222,CIO
92122,SO
701221,CI
811156,CMS
1042776,PDM
1137360,HYEM
22356,CBSH
1701732,ALTR
1528396,GWRE
1711279,KRYS
64472,GENC
1727196,SRRK
1488039,ATOS
1227636,STIM
1038683,RYAAY
104889,GHC
1514705,SXC
1533615,GMRE
87347,SLB
1606498,AVNS
1564180,KNOP
30125,INSI
1559865,EVTC
1638290,MCFT
1407623,ROIC
1037038,RL
1549346,SSTK
1038205,OZK
1534504,PBF
712534,FRME
1001385,NWPX
1653653,RRR
1045450,EPR
1382101,STRO
1526125,GDS
1020569,IRM
78239,PVH
65770,MVIS
1383312,BR
1545654,ALEX
789019,MSFT
1298675,CUBE
1520006,MTDR
1666071,CDLX
891290,RFI
1574085,BHR
1166258,PHT
92380,LUV
40987,GPC
1742770,VIOT
1114700,GGAL
37996,F
109198,TJX
1293613,KYN
1414040,ACES
1275101,BOTJ
860730,HCA
1574197,FPH
315189,DE
793074,WERN
1722684,WH
857005,PTC
1113232,ACLS
1655759,ARVN
1289945,SPOK
61986,MTW
1171486,NRP
1510337,FBZ
1631569,CHCT
1685040,BHF
1029142,DVAX
860748,KMPR
200406,JNJ
1441816,MDB
50471,TRAK
1531152,BJ
858446,IHG
1332349,BKD
1137360,IHY
808439,TATT
1618673,PFGC
1021882,VONG
1590877,RGNX
1177609,FIVE
1614806,RPT
1600438,GMS
1391437,GRX
1076930,NOVT
355948,RELL
1687451,ZKIN
890564,ASGN
1297989,EXLS
835403,DEO
1181187,BYM
1712184,LILAK
704440,KRMD
1651717,NOMD
1492165,PFBC
1057877,IDA
1491978,GUNR
833040,FT
1709164,NC
1278027,BGS
1101302,ENTG
318819,AWK
1462586,IGI
1474735,GNRC
1657788,KRP
1693256,WTTR
91576,KEY
1037646,MTD
1576940,CCS
1289419,MORN
1116132,TPR
1378872,KBWY
1069157,EWBC
1094972,UGP
1604522,THQ
1318605,TSLA
1058623,CMLS
897723,SANM
767405,SBFG
1611547,UE
1504234,BGX
1089872,GAIA
109177,SPB
1612630,JYNT
1504379,CSTE
1064642,SPLB
815556,FAST
3197,CECO
1618756,QSR
1489096,THR
928876,TSEM
824410,SASR
1419612,SEDG
1061353,DHY
1234006,GOOD
1444380,NVRO
1342423,LMNR
1438133,TNDM
1117480,CMRX
1602658,ISTR
764065,CLF
1603145,NEP
865752,MNST
898174,RGA
1109138,CAMT
1379438,EXG
1464343,ATLC
86312,TRV
1298699,BXMX
216851,PEO
1650729,SITE
1053507,AMT
886986,TECK
849146,LFVN
1548717,LDP
1717307,ILPT
1552797,DKL
1616533,PENG
1538263,HTBI
48287,HNI
32604,EMR
882835,ROP
866095,JEQ
37785,FMC
1163792,WEA
1580345,TPVG
80424,PG
1535929,VOYA
1323404,WPM
1570562,EOLS
842162,LEA
1728190,HUYA
935419,RICK
1026785,HIHO
1528811,VGI
1645113,NVCR
1040896,IDN
1232860,MUI
1137774,PRU
1476045,CLDT
736772,CCNE
1674335,JELD
1433660,JBT
1500217,AAT
215466,CDE
1490906,CFFN
733269,RAMP
1157647,WNEB
929351,LGFB
1001039,DIS
764038,SSB
1728688,IIIV
1640266,VYGR
1289460,TXRH
1345016,YELP
1690334,SMHI
1100663,HEZU
1351636,SSTI
1611983,LBRDK
1557523,PGZ
1000228,HSIC
903129,THRM
896159,CB
827773,PPT
717538,AROW
1227862,EMD
933136,COOP
878927,ODFL
1418144,VRIG
1514416,BAND
1113169,TROW
1018724,AMZN
19745,CPK
922224,PPL
1321732,PEN
1659520,SILV
29534,DG
1341235,ALDX
1061983,CYTK
1472787,FAF
1517228,COMM
1128361,HOPE
892553,GTLS
1599617,DNOW
1710366,CEIX
1661181,ORGO
758528,NGD
921299,FGEN
1334036,CROX
779336,IAF
1331520,HOMB
106640,WHR
357173,OSBC
1393434,OCUL
1278211,LGI
874015,IONS
1500866,MSTR
34088,XOM
1075531,BKNG
729986,UBSI
1275014,UCTT
1679273,LW
49826,ITW
791963,OPY
1365135,WU
738214,AMTX
1209466,PFM
930667,EWT
1562051,NML
1618732,NTNX
1364954,CHGG
726601,CCBG
1418076,SLRC
1326732,XNCR
1195739,NRK
1386067,EOD
893538,SM
1065696,LKQ
1571776,CHMI
1608741,QQQX
1030469,OFG
1395937,SNDX
1707753,ESTC
1327607,MYFW
1529628,SND
1314052,AVXL
98677,TR
46129,ALNT
1002910,AEE
1575515,SFM
878518,TGB
726728,O
1569650,OZK
275695,MAT
1035201,CWT
1800,ABT
101382,UMBF
1385280,CNK
1043277,CHRW
1070985,CXW
1368493,CAF
1001115,GEOS
24545,TAP
1560672,EARN
1403568,ULTA
58492,LEG
912061,NHTC
937556,MASI
1720635,NVT
1395325,ETJ
1739940,CI
1042729,MBWM
1581990,PAGP
1501570,VBTX
874501,AMBC
93556,SWK
842023,TECH
1018164,WLFC
1687221,REVG
1585689,HLT
1539029,CLSD
1159036,HALO
64996,MCY
886744,GERN
804116,RVT
788784,PEG
1280263,AMBA
1513845,NBIS
1580670,LGIH
1303523,BTI
1408198,MSCI
1316463,GLQ
1339605,HEES
1564618,IBTX
1568669,PFSI
838131,JMM
1056288,FHI
836690,ISSC
1100663,IYZ
751978,VICR
792987,ASTE
1161966,IWS
1003649,CEE
1013272,NWFL
930667,EPP
318300,PEBO
90498,SFNC
1046025,HFWA
1178970,PFS
12927,BA
708781,CASS
1137183,IGV
110621,RPM
1103838,IBN
1010911,STBA
908551,HSY
39311,IBCP
1396277,CHW
1539638,TFIN
1140467,BUD
1002047,NTAP
1625414,BZUN
1409171,TITN
887211,ECPG
1605607,PGRE
1633917,PYPL
1409833,DOL
811596,KALU
915779,DAKT
1487918,OFS
1580905,IBP
1611988,SBH
1037976,JLL
1158114,AAOI
1284812,CNS
6201,AAL
62072,MAN
19617,JPM
1589061,GYRO
1516855,BSL
1233681,BLW
1145255,HNNA
1342338,HIMX
750577,HWC
1051470,CCI
1022671,STLD
1493225,NFBK
1276520,GNW
1288992,EFT
1094019,NEWT
1168164,EWX
783325,WEC
1308927,ETB
1274494,FSLR
1530249,FSBW
768899,TBI
877422,SPTN
1329099,BIDU
1379041,EIG
1616862,AXTA
913414,IGLB
1345105,CPA
1299130,PACB
1267565,COLL
1610250,BOOT
1387467,AOSL
1285890,IGD
1512673,SQ
946673,BANR
1471265,NWBI
1173382,CAE
1488139,AMRC
1050441,EGBN
1070235,BB
1308547,DLB
1504619,PFLT
937098,TNET
1463972,VUZI
1058090,CMG
1587987,NEWT
1074902,LCNB
904112,MSD
1442145,VRSK
1158895,LMAT
1465128,STWD
100726,UFI
1593538,NAVI
1100663,QAT
63296,MATW
1445930,KB
1350869,GLO
893847,HWBK
1216583,JPC
1323468,GLP
925683,BTO
1601046,KEYS
310158,MRK
1364608,FEMS
885732,NXC
1036044,INVE
1288795,GLV
1067983,BRKB
764180,MO
1639877,GSM
1043337,SRI
894405,ARCB
819793,AIN
1581091,RMAX
1181504,PZC
707179,ONB
1621227,ADAP
1561894,HASI
1077183,NEO
46195,BOH
276172,GWW
1552275,SUN
886239,GPK
1410384,QTWO
1633978,LITE
1040161,PXLW
1051627,AXTI
1279014,ERH
748691,KF
1417398,HI
1504461,NGL
1279495,BTE
1276533,JFR
1132105,SPWH
879764,TTE
1433195,APPF
1592386,VIRT
1082327,EVRI
1064641,XLF
751364,NNN
1025742,GTY
1158449,AAP
1467760,ARI
1258754,TBBK
1291334,FFA
95574,SGC
889867,JBSS
1141391,MA
1393299,BGY
1046257,INGR
1100663,SCZ
1227476,JQC
895531,VCV
947559,FBMS
700564,FULT
1389050,AROC
1538849,CAPL
1636519,MSGS
753308,NEE
846676,AEF
1357615,KBR
1338561,SPXX
1606366,LOCO
1237831,GMED
1608742,DIAX
1074540,EVN
1178839,NBH
712771,CNOB
1572694,GSBD
740260,VTR
1360901,EVR
1293135,VET
1340677,SVM
1286043,KRG
927628,COF
885125,IQI
1524472,XYL
877463,VKQ
715957,D
1616668,PTNQ
1559991,DFP
1324424,EXPE
1086763,PCM
1571283,REXR
1119083,MNDO
930667,EWQ
818851,NCA
1060373,ICLR
1638833,SGRY
823392,NI
1074433,CFFN
78214,COP
1135951,RDY
1512931,MRCC
1383496,FTC
66570,MSA
1515156,ARQ
1101239,EQIX
1479026,GSIE
1099800,EW
1321741,GAIN
1318885,DSX
1174610,UBT
84246,RLI
351231,DWSN
1497645,INN
1626115,PJT
714310,VLY
1023024,ANIP
1166003,XPO
1408710,FN
1585855,GGZ
1501103,EDF
1176334,MMLP
1031029,STRT
805928,AXGN
1421876,GLPG
1326160,DUK
1546429,BGB
1181506,PMX
1145986,ASPN
904163,BSET
799167,MRTN
1450445,NUW
1383496,FNK
930667,HYXU
351569,ABCB
1328581,BCC
14693,BFB
1577916,PINC
886163,LGND
907471,CASH
1046050,TSBK
880892,VGM
1103982,MDLZ
1127703,PRA
749660,ICAD
1618563,NSA
1604665,WLKP
874663,ALKS
1159152,JHX
1596967,MC
1005731,IDT
840715,CLRO
1178819,AGI
1450011,STPZ
1438893,GNT
1495825,GBAB
1551901,SCM
1069157,COHU
1397187,LULU
1038773,SMBK
1467858,GM
1174610,EUDV
1496292,IHD
1140411,PCQ
1038186,MHN
1074952,NAC
794685,GAB
803509,MKL
1137393,BFK
91847,SOR
1350487,CXSE
912093,CET
1222719,CHY
1053988,MUJ
883265,VTN
94049,SCL
783324,VGZ
1190723,TS
1210123,EAD
1472341,GDO
1157842,RQI
759828,JHI
1140410,PNF
809173,MMT
1314966,BME
851520,EXPO
825345,HYB
1332174,GSG
1547459,NGVC
1564708,NWS
1160864,BHK
882150,MYN
1171471,CHI
885731,NXN
1051004,MUC
1224450,RNP
75398,PAI
1495240,LAND
1074769,NAN
895528,VPV
1034665,MHD
1453015,BLDP
1087786,NXJ
101507,GROW
879535,DTF
1199004,FMN
887394,MQT
1383496,FAD
859070,FCBC
1071899,MUE
1177161,EVM
1083839,NAD
1195738,NKX
1253327,EVT
1132651,ATLO
1162027,AFB
1258623,EFR
884152,VMO
1447669,TWLO
1499543,NOAH
1100663,IMCB
930667,EWP
23194,CRK
1767258,XPEL
810943,PCF
1100663,GOVT
1768259,GOTU
357294,HOV
1505065,BWAY
1516912,OBK
1261333,DOCU
857949,ENFY
1739445,ACA
1595386,PDBC
1383062,DBE
1725057,DAY
1262299,TPX
857489,VWO
1245648,FLC
1117338,CAE
894242,BKN
1296250,PFN
1100949,XLK
1305597,VNDA
835948,MVF
1064642,SLYV
923202,VEA
1383496,FXR
870780,NQP
930667,EIS
883412,MYI
897421,NPV
1318025,PGP
1329377,FDN
1174610,TBF
734383,VNQ
817720,SYNA
1100663,EMB
1215913,HPS
1281926,ETO
1329377,FRI
1287480,BGT
899782,NOM
897269,MVT
1260041,HTD
1064642,BWX
1266585,NMZ
930667,EWG
1064641,XLI
1350487,AIVI
892992,NAZ
1190935,PTY
1100663,IYE
874716,IDXX
1005284,OLED
1039151,STC
930667,EWZ
65172,MSB
924613,NOK
1396440,MAIN
1112412,MAIN
1057706,FBP
1100663,IGLB
1138639,INFN
1447051,TBNK
927066,DVA
715072,RNST
887557,SBUX
816761,TDC
1064642,KIE
860413,FIBK
1170299,PML
706863,UNB
887211,LGTY
1023024,FOLD
66382,MLKN
1219360,PHK
1064642,DGT
766792,CVV
1371782,MVO
1213809,DYAI
1162112,MAIN
932787,STM
1350487,WTV
720858,ITIC
1005817,TMP
800166,NGD
1345122,CODI
909832,COST
1175535,WSR
906465,QCRH
756894,GOLD
1464423,PMT
1287213,PLOW
909112,TEI
1064641,XLK
861842,CATY
1305399,FBIZ
1406234,BIP
764622,PNW
734383,VIG
810766,CIK
1013857,PEGA
912958,TIGO
884144,ASUR
1315478,FARO
845606,CXE
1100663,IVE
861465,EBF
1367644,EBS
72971,WFC
908993,VKI
8670,ADP
1262039,FTNT
78814,PBI
791718,EEA
914208,IVZ
1349682,SPR
25475,CRDB
1006249,IWS
836412,ZTR
1510337,FJP
1506281,RVNU
1121404,SNY
925231,AKOB
49205,HBAN
1317945,OFLX
1258602,NNI
1100663,EWG
901832,AZN
1032174,CAKE
789863,CIX
1140859,COR
1263043,SHG
1133999,CWST
1085338,SFNC
1179444,IEF
20947,FE
314733,HST
928465,DIT
719220,STBA
1100663,IJH
62857,MLM
1172358,DMLP
1244183,PFL
776901,INDB
785956,JJSF
315080,MLP
863110,ARTNA
1100663,EEM
1168163,JPM
1127924,CVU
845877,AGMA
732717,T
1023731,EGHT
760498,BANF
892450,KT
930667,IJK
104169,WMT
3202,ALK
777676,ORCL
894309,CASH
1039765,ING
1228454,BCBP
3303,AIN
915800,LARK
903419,ALRS
717720,VALU
1023514,HMY
913414,IMCG
1084896,FLWS
36405,VGT
1100663,IYC
1329377,QABA
1450011,CORP
1178819,DNN
884121,HQL
1383496,FNY
833021,CIF
1415995,MNA
1517936,FTSL
875659,ULBI
1267902,GROW
1524513,ICSH
1181505,PYN
1454741,EOT
701347,CPF
897419,NMT
1064642,EBND
1518557,MMD
1100663,NYF
1107843,QLYS
1562818,BIT
935113,CMTL
1385763,JCE
1482538,FSFG
1631650,COLL
887733,CENTA
1478102,DMO
1174610,EFZ
1100663,ILTB
1450011,RWR
34782,SRCE
880631,WT
1350487,EMCB
1601712,SYF
1133416,GALT
80335,PLPC
1158289,JRS
1257442,RWR
1100663,UAE
1100663,RWR
1383496,FXD
47217,HPQ
1555280,ZTS
930667,EMHY
1285650,CGO
1006249,TIP
1168164,FEZ
1498612,PSF
891038,MPA
1125259,CUK
1315399,PKBK
1273805,CZWI
1378701,GDL
1006249,IWP
916075,KOP
930667,EPHE
868675,TU
855658,HPP
1569187,AHH
1450011,MUNI
79716,PCH
942126,TAIT
885601,IIM
1030894,LPX
1064642,XRT
1537054,ALL
1405495,IDCC
1419989,GLP
1388141,EDD
1006378,BCPC
1552000,MPLX
930667,EZU
936958,MDYV
1389168,TRGP
1337298,FF
101199,UFCS
1327567,PANW
96289,ORI
1364608,CARZ
1471420,STK
1039280,NTWK
1377936,SAR
1061630,BXMT
1100663,ILCG
1383496,FTA
1224203,CWST
1488813,CUBI
1350487,CEW
1100663,IMCV
1174610,RXL
1383414,PNNT
1157644,GME
1414040,EQL
1375205,URG
930667,ACWV
930667,EWA
1174746,ICE
1510337,FKU
1431567,OVLY
1174610,YXI
1622194,DEA
1100663,IEUR
1100663,IWD
1006249,INDA
1350487,EPI
1345106,CPA
1050463,MCS
75234,OC
742126,EBF
1581804,NVGS
1432353,GURU
732847,ACU
1434614,SAND
1001639,FHI
1528356,GNE
1035688,SEM
885307,JCTC
1506307,KMI
1137360,SMH
1418121,APLE
1120370,BWEN
1660046,IMRN
1081019,SHE
1615165,VERI
927434,DHI
1666134,BL
1378872,PZT
1666138,ATKR
1616000,XHR
839533,KTF
1391166,IEUS
1724965,TALO
899460,MNKD
1552740,LEGR
65312,EVI
1710680,HFRO
1682852,MRNA
39899,TGNA
1334647,GIII
712537,FCF
1483994,HTHT
1720893,BTAI
1750735,MRBK
883975,MBOT
790359,NBTB
1006249,GVI
1258943,MAV
1567683,CWEN
1100663,IBDT
1459200,ALRM
1021635,OGE
1510337,FDT
1415995,MMIN
1551895,FLHY
1692115,SWX
1689796,JBGS
1712184,LILA
1547580,CSF
1350487,ELD
1434728,GWRS
1598428,MTUS
918608,EGO
1137360,MLN
1628063,SRG
1517936,LMBS
1559109,NFLT
1688757,ESTA
1095052,PLG
1709164,HBB
1526113,GNL
1378872,EQAL
1170311,PNI
1306550,BGR
1602584,CCD
1612720,NEXT
1100663,IWM
1571123,SAIC
1378872,PICB
1413855,AIFU
811612,PDT
316905,MOGB
930667,EWK
1257442,XPH
1400810,ACIC
1174164,FFC
890119,NIM
917851,VALE
1332283,BDJ
1283858,HFBL
1037763,NYT
908187,PCM
930667,EWO
9521,BCV
794105,BIV
1308335,EOS
930667,TUR
1300391,EOI
1228361,NHS
1322436,EGF
1450011,MINT
1263994,UTG
1064642,WIP
1329377,QQEW
72945,NOC
930667,IWD
1048179,SID
71691,AZO
930689,TGS
1472494,BNO
1100663,SHY
1100663,IMCG
1620393,NXRT
1364479,HRI
1100663,IYF
1673359,JCTC
1495222,OXLC
1297184,AMPH
1383496,FXL
1064642,SDY
1064642,XSD
1174610,UWM
1144215,RDUS
743127,FFIC
750556,GPC
27367,DXR
46675,HELE
1100441,AGCO
1100663,IJR
800030,CM
741562,CBU
73960,FE
749098,MGA
809697,UPS
1134861,DDS
904016,ZION
1097362,SLF
88204,SEE
927971,BMO
771950,WMB
835342,SSD
1033984,CPT
75488,PCG
1100663,IWC
922621,ERIE
55820,ESGR
1009262,NDAQ
1174610,UCC
896769,HEI
72633,NRT
1100663,STIP
1383496,FNX
1521422,NYT
925261,AKOB
791450,REX
1161728,MGEE
1068892,BTI
107140,WLYB
1167076,FCAP
1002486,TLK
1170858,SBS
1140223,CTSH
1135254,MNDO
823560,KFRC
1100663,IWO
81023,TXNM
1079726,INFY
217410,UL
1025682,PBR
913341,CFFI
811640,CRUS
1140601,CCJ
944492,PRA
1060931,RSG
1049659,SID
1158165,NXST
1142433,CEE
884394,SPY
1004990,VYX
63917,BA
723646,FRAF
856573,NPKI
893928,ETR
1047166,URI
805745,ANDE
1019600,FMS
906419,KMT
902720,HRL
1100663,IYT
1100663,GSG
1383496,FXO
1084886,FLWS
316770,AFG
1383496,FXG
1552740,RDVY
1163648,FEIM
1285973,DOL
881524,TSLA
93456,ACTG
930667,URTH
1064642,CWB
93459,ACTG
1350487,EUSC
102909,VFH
1100663,IUSV
30828,DGII
1100663,IXC
1174610,ROM
1733356,BLES
1096752,EPC
930667,EWL
799117,NTCT
1100663,HYG
1100663,IEUS
354913,IDCC
52848,VPU
794105,BSV
1226616,MNOV
1552740,FV
882871,CLMB
937219,CLMB
46207,HE
764811,FNB
902818,ESP
357318,MFIN
110641,MMC
95304,SUI
75234,OMI
63754,MKCV
810332,MESA
1547576,KBA
1628808,PROF
1425450,KIDS
1784254,MDIA
1639825,PTON
1764013,IMVT
1308648,AG
1561550,DDOG
1408443,MIST
1643303,NNDM
1772921,ONEW
1100663,IEO
1725160,ZNTL
1160308,SVRA
1501825,HTAB
1770787,TXG
1628171,RVMD
45919,HHS
1667919,FIXD
1766400,PNTG
1669779,CWH
1524408,FNKO
1372299,OCGN
1703644,GPMT
1503123,EASG
1744676,TME
1350487,DIM
1350487,DNL
1100663,TLH
930667,EWN
1342857,ACU
1023549,XTLB
1607678,VKTX
1682220,SACH
1711744,ALEX
1552740,FTQI
1615063,INSE
1412665,MOFG
1552740,FTXO
1383496,FXU
1579428,AXSM
1064642,RWR
1059386,IVZ
1485894,JPUS
1655099,RA
1420529,AACG
1031235,GROW
1174610,SBB
1064642,SPMB
1100663,ITOT
826020,VOYA
835324,SYBT
1492691,KNX
818850,NNY
866842,TRNS
929452,KNX
1494259,CARG
216228,ITT
1620280,UNIT
36405,VBK
1064642,SPTI
930667,EWI
771856,CSBR
1329377,QTEC
1450011,ZROZ
1028861,RMT
1430725,ALL
866842,ARKR
1174610,HYHG
1653477,NGVT
1383496,FXN
1006249,EZU
850027,GRF
794105,BND
1454685,SB
1270523,ETG
1302901,HFBL
1100663,SOXX
1524223,MTN
938323,PSO
1016178,CARV
1064642,XPH
1448793,TAL
1043572,VC
1479247,USCI
1494877,DLR
9651,AMAT
1175108,MSN
931182,EQR
58696,LENB
1023459,SLP
911536,AVB
1439567,UGA
1021882,VTHR
1021882,VMBS
1001807,TLK
1100663,IMTB
789570,H
1415995,HFXI
925267,CPT
1064641,XLY
798528,OMEX
1818794,DYN
1744659,AKRO
1768224,ARCT
1620463,ATHA
1508655,TSLX
1415726,PJUN
1758488,EAT
1794515,PLYM
6955,EPAC
1667919,FAUG
1383084,DBB
1748797,DOOO
1805284,RKT
1383496,FYT
1802665,HRMY
1167379,ALC
1484612,OM
1100663,IGRO
1792829,VSTA
1758766,STEM
1415726,PDEC
754813,HBCP
1350487,DES
1120270,IMCG
935113,LAKE
1100663,IVV
1491978,RWR
1415995,MMIT
1819411,GANX
1662774,QNCX
895126,EXE
1640147,SNOW
1525221,VTOL
1631596,KREF
1808158,RPTX
1795251,NNOX
1753162,FTHM
1422930,PUBM
1528129,VTLE
1754301,FOXA
1501697,XFOR
1590750,VRDN
1649094,PCVX
1593899,AVIR
846617,DCOM
882508,QUIK
1037676,ARCH
1691445,FINV
1228627,IRD
1781753,DAO
1825155,TIXT
1828791,DSP
1830033,PCT
1552740,FTXR
812074,OI
1777393,CHPT
1416377,VIRX
1714174,BUR
1795250,SPHR
1573221,REAL
922247,CYTH
1378872,XSLV
1786248,NREF
1509470,HBM
1622229,COGT
1650648,FDMT
1703057,ABCL
1400897,SRV
1579684,GCI
1771910,ADCT
1178253,SCYX
1781755,BWIN
1692787,KNTK
1100663,IEF
1591670,FPI
1826892,BCAB
1776661,ADV
1819796,GCMG
1667919,FMAY
1112520,MCRI
1090012,COST
1094955,UGP
1100663,IEZ
1561785,FTGC
1441683,APPN
1168164,GNR
1023512,DRD
1674910,VVV
1806837,VERX
1549595,NRIX
1722964,YMAB
1741530,QFIN
1272842,AIRG
1319161,WMG
1584549,VFF
1213037,CRDF
814083,CLM
1733294,GBIO
1533363,UUU
1378872,IDLV
1528115,ANNX
1809196,IMTX
1782309,EDTK
1510337,FCA
1388320,ATNM
1778784,PVBC
1477333,NET
1754068,ALVR
1527753,PSNL
891103,MTCH
1731348,TLRY
1320459,CPS
1525201,DBL
1415726,PMAY
1708237,PMAY
1697532,APLT
1415726,PFEB
1705402,AGMH
1758009,QUBT
1794515,ZI
1329377,EDOW
1645194,WINC
1392380,GEVO
1104659,EPSN
1477845,ANVS
1719714,MREO
1759138,CABA
1414040,RFCI
744218,CLDX
1746473,PLRX
1802883,API
1761312,PLMR
813828,PARA
1379006,NNVC
827876,CLSK
1554697,GHY
1210708,HSON
1356223,ECF
1121584,WWW
1100663,IWP
1392994,FGB
1357971,ESOA
1009215,ACTG
930809,WAT
902317,NTRS
831641,TTI
922812,AXP
793075,SFNC
905167,SLB
930667,IYW
947263,TD
1168164,GWX
1100663,SHV
88000,APT
1383650,LNG
893818,EIS
750556,GD
1100663,IGF
1477641,DQ
930667,DVYE
1100663,LQD
1107601,ACAD
1100663,GVI
1064641,XLP
19411,NKTR
1045309,DAR
932504,TEO
1261684,ARKR
1142637,VXF
814445,TJX
855683,MLSS
930157,RTO
914329,FEIM
858470,CBT
1014672,TCBK
795363,CRI
919458,ALRS
69891,FIZZ
1064642,XBI
1042825,PBH
1140601,RCI
1067063,VRE
731653,UBCP
949853,RDWR
857489,VPL
1275729,URI
1127924,KAI
939930,LNT
1032975,LOGI
1341439,ORCL
1344907,HBIO
1060021,KEX
36405,VNQ
1295474,PBH
1142701,HMN
35528,FITB
718940,BCE
1318262,KFRC
38777,BEN
1002242,E
1224747,RVTY
729922,OMCL
1510337,FLN
1552740,FTXH
1498403,BLRX
1269021,UEIC
1409970,LC
1553643,RLMD
1100663,EFG
1588489,GBTC
1789832,HESM
1568100,PD
1041657,UONEK
1000694,NVAX
1716951,OCCI
1676725,IDYA
1538716,OPRT
1603454,CELC
1698535,NXE
1336917,UA
1806201,LPRO
1411342,EFC
1760965,KTB
1802768,RPRX
60667,L
2034,ADSK
105016,WSOB
36208,KEY
62039,AGCO
56047,BRO
1129239,NVEC
1134440,IBB
1061571,PWR
32870,HEIA
1259542,FXN
930667,EWC
1064642,KBE
1040765,VNO
1067294,PII
802555,ACIW
1043337,HBAN
919015,IRIX
1058083,IEX
1407703,FE
932696,GOOD
1037333,FITB
1393231,COST
1395213,EDN
1100663,JXI
1096791,ALNY
1112325,DGII
1100663,IWN
1035463,EES
803164,COFS
81033,PEG
1444307,TNDM
1432353,CHIQ
1450011,LDUR
1383082,DBA
1561921,TELA
836906,VTIP
1262976,CMPR
1351172,REPL
1507957,IPWR
1209466,PFI
1694028,LBRT
1407764,MHLD
1673358,YUMC
1704711,FNKO
1423689,AGNC
826675,DX
1133869,CAPR
1445305,WK
1585521,ZM
1506293,PINS
1698991,ACEL
1766502,CHWY
1552740,IFV
1044197,KMT
315080,BOH
1170279,WHR
1081019,RLJ
1011661,SSNC
930667,EEM
1680367,STTK
1680581,FULC
1564408,SNAP
1069530,SAVA
1758488,OSW
1796022,STEP
1517006,GATO
1815620,OPT
1517413,FSLY
1163739,NBR
1738071,XNET
1477720,ASAN
1820721,ARRY
1412408,PHR
851397,IBM
933482,HTLF
105598,WFC
932691,THFF
1058867,GNTY
1038237,INTT
1019272,IPG
9534,FC
905982,WMB
1024795,SGMO
1590714,ESI
1746618,RVLV
1535527,CRWD
1673772,RAPT
1783183,PHAT
1383057,DBP
1100663,IFGL
718332,RAVE
1318220,WCN
93751,KTB
835333,OIA
1828962,CRCT
1378950,PRTS
40570,JOB
1636422,HCAT
1568651,OSCR
885590,BHC
1528287,NPCE
1431695,OLO
1518461,AMPG
1434647,ZVRA
1831840,SEMR
1840748,LVTX
1013605,PDS
1379400,AOD
778164,ALTO
1841666,APA
1801170,CLOV
1819928,DV
1424182,BNL
1667919,DMAY
1339970,ATYR
1289877,SFL
1085243,VTSI
1657201,OMFL
1803599,CNXC
904112,EDD
1812923,SDHY
1441888,MOV
1274737,XGN
799088,CLDT
1510831,FEIM
894242,BFK
928598,ALG
913414,ITRI
1039362,MCK
1100663,IYR
1748824,BSIG
1783180,CARR
1771515,GO
1742692,INMD
1360214,ETON
721693,CREG
1756708,JMIA
1726126,EPSN
1706431,VIR
1713334,MSC
1759774,PSTL
1100663,VLUE
1746129,BSVN
1333986,EQH
1796280,ORIC
1134115,THM
1572661,PREF
1378872,EELV
1127924,CRMT
72741,ES
1540304,GOAU
1424929,FOXF
1385360,DOL
1390271,CLDT
1174610,UGE
1806310,TSHA
1091223,MTLS
1644419,LCG
1509261,RZLT
1320350,LNSR
1210618,SPI
1156041,HUSA
1581655,IMNM
1527508,PTVE
1590715,AREC
1786352,BILL
1209466,PBJ
1650696,LSF
1127537,LUNG
1819790,TARS
1699382,PMVP
1759425,MIRM
1756262,TMDX
1644378,RMR
1100663,EFA
1596812,ENLV
202058,LHX
1532286,NINE
1436208,LEGH
1539190,SPPP
1100663,GBF
1001233,ATRC
935113,NVEC
52848,EDV
1631246,KURA
854460,MU
6201,MTX
878731,FICO
1070304,IX
895301,SHOO
277158,VECO
912564,SPG
66388,MLR
1076378,CX
9631,BNS
886163,WLY
1086888,MFC
1259542,FGD
1412824,CYH
1009215,OMCL
1220692,SRDX
1510337,FSZ
1174610,UPW
1385360,WT
1322436,ETV
1100663,IXP
1140601,GIL
1418076,GTLS
1424958,TYD
1322435,ETW
1069183,AXON
880631,EZM
1547580,CSA
1004655,VYMI
1177719,EWBC
8063,AZZ
1746109,BFC
1378872,GOVI
1593548,AGS
1209466,SPVM
1342423,CVGW
913414,EWC
1506222,DY
102909,VBK
1158202,IMAX
1390195,AWP
788965,HNRG
1450501,ECON
1100663,SMMD
1688568,DXC
1209466,PRN
1466026,MSBI
1401040,DMAC
1739104,ELAN
1621434,BSM
93314,VNRX
1467623,DBX
1508655,GBDC
1721386,LSEA
949858,ACHV
1551895,FTSD
765880,DOC
1559720,ABNB
1729212,HIFS
1491978,IQDF
1041657,UONE
1695295,HYFM
930667,CEMB
1744781,NIU
818972,LEO
1751788,DOW
1552740,FTHI
1174610,EFAD
1763950,LTRN
1486159,CHRD
27093,USAU
1726445,SEER
883618,NXP
350852,CTBI
1064642,SPHY
1170300,PCK
1750264,HPH
1398805,BEEM
1451809,SITM
1667919,FFEB
1691421,LMND
1706524,UGRO
315032,ADM
1417892,SOL
1633336,CCAP
725363,CVM
1137360,SHYD
1792044,VTRS
1438533,TVTX
1667919,FNOV
704532,ONTO
1378872,PZA
1789972,CGEM
1319947,DBI
1500604,JMBS
922864,AIV
1056943,PFIS
1378872,PGHY
1499780,GLBS
1341317,BWB
1684144,ZOM
1784535,PRCH
1013794,HIW
354963,SHEN
1038339,ESS
766011,CMCL
1503274,QTRX
839470,WWR
1530804,TROX
1687229,INVH
1722482,AVTR
1471329,TILE
1164062,PCYO
1498157,TTSH
1064642,HYMB
1048979,AMSF
1064642,MDYV
71829,NWPX
764532,CTAS
1528843,PFS
1020066,ILMN
1483407,GLP
1283246,IP
1064642,XHB
1463217,GOOD
1362988,HMN
798287,MU
845611,GCV
1168164,CWI
802481,PPC
1383496,FYX
1168164,SPEM
1064641,XLE
1410636,AWK
315011,OPY
1045520,CM
1383650,CQP
1094517,TM
861465,RGR
1034553,ECH
1350487,DHS
12208,BRC
355933,SPE
833444,JCI
1531031,ESQ
1711375,LOMA
1637207,PLNT
1529864,SRG
1100663,SHYG
1546652,OUNZ
930667,EWJ
1386716,SBLK
1613103,MDT
1114483,ITGR
1160791,GORO
1692705,QD
1133311,TZOO
1438426,MRAM
1679268,TUSK
1350487,DXJS
1048286,VAC
839923,VOD
1163648,CLPR
1632127,CABO
763744,LCII
313838,SONY
910988,AMRN
1137360,RTH
1297587,CMS
1335730,MFG
754811,GOAU
1540305,GROW
855182,ASYS
1074266,FISI
92230,TFC
1517936,LGOV
1776985,BNTX
1723089,CHX
1827090,CERT
1755672,CTVA
1787425,XP
1670592,YETI
1699150,IR
73887,VTOL
1456772,OPI
1317724,ERJ
1517375,SPT
1506488,NXG
1655888,OBDC
1810019,RXT
1729149,VMD
1815442,KYMR
1677250,ZTO
18349,SNV
1793659,RSI
945394,SVC
1015383,POWW
1334978,CCO
1661460,PSTX
1419536,CBNK
1809519,GDRX
1563411,CSTM
1831651,SHLS
1397047,FPAY
1775898,UCL
1810523,FTHY
884624,OFIX
1590584,CVEO
1492422,APLS
105319,WW
883948,AUB
1810806,U
1794783,SLQT
1430723,SFBS
1092796,SWBI
1378590,BLIN
1770088,WIMI
1794669,FOUR
1176948,ARES
1796129,VINC
1745999,BEAM
1321655,PLTR
1657201,BSJS
1556739,THRY
842717,BRBS
1378140,OPTT
1369290,MYO
1772253,FLNG
1801169,OPEN
1720420,IBEX
1603923,WFRD
1693577,MNSB
1497253,ONVO
1168455,FXNC
924383,GNSS
1166663,TEN
1527590,RC
1551306,PGNY
1788257,BWMX
1269238,TCOM
1637810,FSV
1798100,NTST
1680056,ORLA
1034054,SBAC
1490978,SDGR
1652535,ICHR
1764046,CLVT
1830487,PHVS
1734107,SOHU
1769617,HONE
1689873,HIPS
1809587,BEKE
1661101,CLOV
1768267,CRNC
60519,NBN
1579733,VITL
1481646,ACCD
1025378,WPC
1606757,KE
1721947,JAMF
1766368,MEC
893739,TURN
946644,AIM
785161,EHC
1046568,PRDO
916183,RCS
1024795,HLIO
1549575,SRG
1590895,CZR
827187,SNBR
1378872,SPLV
1643615,MEG
96223,JEF
1075415,DHC
1333822,LEDS
1759509,LYFT
1627272,OR
914208,RWL
36029,FFIN
715579,ACNB
1793862,DADA
944809,OPK
1267813,MRNS
1792580,OVV
1031235,SELF
1733998,NWN
1757898,STE
1006281,PLX
67088,MUFG
1735438,MGTX
1666700,DD
1723690,BILI
1829959,DCBO
1579214,EEX
1708341,AGAE
1393818,BX
1069533,RGCO
1390478,SLS
1299709,AX
1829802,SNSE
1421461,IPI
1472012,IMNM
1517518,EMO
1325618,IRMD
1655210,BYND
798359,CSR
1821160,GHLD
1730168,AVGO
1823239,MRVI
67215,TDS
1584547,GP
1757073,NVST
1808834,PRG
1690680,NMRK
1678130,OPP
1739566,UTZ
1490161,SOWG
1501072,RIV
849145,HGBL
1690437,BAR
1738021,CMPX
1483934,STNG
1478320,ADPT
1737287,ALLO
1395064,TAK
1704720,CNNE
913760,SNEX
1377757,GAU
1414040,RFFC
1829576,CARE
1745916,PFSI
1066119,VIV
1104485,NOG
1756908,PDX
1401257,FET
1555279,MASS
1337587,LGFB
1034760,WYY
813828,PARAA
1810997,XPEV
1785971,BMEZ
1295664,KRNY
1770121,SANA
1043000,SNDA
1757064,GNFT
1741830,KRON
1329948,TAYD
1504678,LOOP
1531048,NARI
1563880,TRVI
1754581,FUTU
101829,RTX
811589,FBP
1771007,AFYA
1337587,LGFA
1598665,HRTG
1782754,AZEK
743238,SHYF
1708055,RBBN
1368519,NOA
1681622,VREX
1650107,CCEP
1506184,IMMP
1810546,EBC
1356090,PGEN
1671927,IMCR
1646972,ACI
1812364,RLAY
1527166,CG
1006249,LEMB
1674930,FLGT
1668397,MEDP
320335,GL
862861,ALTS
914208,RWJ
1818838,ADAG
1781335,OTIS
25232,CUZ
1767837,RMBI
1724755,GHG
1458412,CFB
315293,AON
863894,VERU
1762303,RCEL
1786117,PINE
1466258,TT
1701541,BDTX
1674101,VRT
1013880,TTEC
1424212,RFEM
839122,DMF
1713863,RFL
1808997,AOUT
1816590,CMPS
1744489,DIS
1157408,LRN
1360214,HROW
1823406,AFBI
1773383,DT
1708527,ELUT
1543151,UBER
1770450,XRX
1794350,YALA
1822462,FHTX
1786842,VNT
1728041,CFFI
1530238,YY
1772177,KRUS
1626450,BIGC
1122976,AVNT
1401700,NFBK
912767,UFPI
1019231,TSHA
1815846,MNSO
3952,USAP
315032,APD
1725206,BIOX
1100663,EWY
1414040,ENFR
