cik,company_name,filing_date,form_type,year,filename,overall_polarity,overall_subjectivity,total_words,negative_count,positive_count,uncertainty_count,litigious_count,strong_modal_count,weak_modal_count,constraining_count,negative_proportion,positive_proportion,uncertainty_proportion,litigious_proportion,strong_modal_proportion,weak_modal_proportion,constraining_proportion,net_sentiment,sentiment_ratio,forward_sentence_count,forward_polarity,forward_subjectivity,historical_sentence_count,historical_polarity,historical_subjectivity,analysis_timestamp
0000001800,ABBOTT LABORATORIES,2023-02-17,10-K,2023,(0000001800)_(ABBOTT LABORATORIES)_(2023-02-17)_(10-K).txt,0.0173,0.3241,9574,229,70,195,151,13,58,95,0.0239,0.0073,0.0204,0.0158,0.0014,0.0061,0.0099,-159,0.31,96,0.0372,0.3834,204,-0.0027,0.3352,2025-10-21T16:24:29.675470
0000002488,ADVANCED MICRO DEVICES INC,2023-02-27,10-K,2023,(0000002488)_(ADVANCED MICRO DEVICES INC)_(2023-02-27)_(10-K).txt,0.0808,0.3449,3680,58,33,82,10,3,21,34,0.0158,0.009,0.0223,0.0027,0.0008,0.0057,0.0092,-25,0.57,53,0.0786,0.357,90,0.0871,0.3307,2025-10-21T16:24:29.523620
0000002969,"Air Products & Chemicals, Inc",2023-11-16,10-K,2023,"(0000002969)_(Air Products & Chemicals, Inc)_(2023-11-16)_(10-K).txt",0.0604,0.3561,10543,213,102,220,82,5,62,129,0.0202,0.0097,0.0209,0.0078,0.0005,0.0059,0.0122,-111,0.48,166,0.0507,0.3647,252,0.0609,0.3522,2025-10-21T16:24:29.717869
0000004127,"SKYWORKS SOLUTIONS, INC",2023-11-17,10-K,2023,"(0000004127)_(SKYWORKS SOLUTIONS, INC)_(2023-11-17)_(10-K).txt",0.0412,0.3177,1958,37,16,33,24,0,9,24,0.0189,0.0082,0.0169,0.0123,0.0,0.0046,0.0123,-21,0.43,19,0.0728,0.3928,44,0.0192,0.2908,2025-10-21T16:24:29.530822
0000004962,AMERICAN EXPRESS CO,2023-02-10,10-K,2023,(0000004962)_(AMERICAN EXPRESS CO)_(2023-02-10)_(10-K).txt,0.0553,0.3531,17264,405,160,529,172,6,91,163,0.0235,0.0093,0.0306,0.01,0.0003,0.0053,0.0094,-245,0.4,151,0.0475,0.3429,268,0.0614,0.3736,2025-10-21T16:24:29.951979
0000004977,AFLAC INC,2023-02-24,10-K,2023,(0000004977)_(AFLAC INC)_(2023-02-24)_(10-K).txt,0.0556,0.3183,21809,350,240,389,231,21,64,173,0.016,0.011,0.0178,0.0106,0.001,0.0029,0.0079,-110,0.69,259,0.0488,0.3077,355,0.0511,0.337,2025-10-21T16:24:30.053283
0000005272,"AMERICAN INTERNATIONAL GROUP, INC",2023-02-17,10-K,2023,"(0000005272)_(AMERICAN INTERNATIONAL GROUP, INC)_(2023-02-17)_(10-K).txt",0.0525,0.3535,60215,2277,732,2241,870,46,602,587,0.0378,0.0122,0.0372,0.0144,0.0008,0.01,0.0097,-1545,0.32,814,0.0556,0.3711,750,0.045,0.3569,2025-10-21T16:24:31.117371
0000006201,American Airlines Group Inc,2023-02-22,10-K,2023,(0000006201)_(American Airlines Group Inc)_(2023-02-22)_(10-K).txt,0.0538,0.3192,9161,112,67,141,43,0,46,135,0.0122,0.0073,0.0154,0.0047,0.0,0.005,0.0147,-45,0.6,88,0.0454,0.3342,207,0.0516,0.33,2025-10-21T16:24:29.947744
0000006281,ANALOG DEVICES INC,2023-11-21,10-K,2023,(0000006281)_(ANALOG DEVICES INC)_(2023-11-21)_(10-K).txt,0.0848,0.3735,4589,71,34,132,48,1,53,83,0.0155,0.0074,0.0288,0.0105,0.0002,0.0115,0.0181,-37,0.48,66,0.0593,0.3601,89,0.0765,0.3829,2025-10-21T16:24:30.063580
0000006951,APPLIED MATERIALS INC DE,2023-12-15,10-K,2023,(0000006951)_(APPLIED MATERIALS INC DE)_(2023-12-15)_(10-K).txt,0.0528,0.3683,5259,39,37,94,42,2,39,77,0.0074,0.007,0.0179,0.008,0.0004,0.0074,0.0146,-2,0.95,50,0.0613,0.3774,105,0.0398,0.3693,2025-10-21T16:24:30.083137
0000007084,Archer-Daniels-Midland Co,2023-02-14,10-K,2023,(0000007084)_(Archer-Daniels-Midland Co)_(2023-02-14)_(10-K).txt,0.0672,0.3506,4428,81,71,61,29,0,13,46,0.0183,0.016,0.0138,0.0065,0.0,0.0029,0.0104,-10,0.88,39,0.0976,0.3793,140,0.0619,0.3614,2025-10-21T16:24:30.155651
0000008670,AUTOMATIC DATA PROCESSING INC,2023-08-03,10-K,2023,(0000008670)_(AUTOMATIC DATA PROCESSING INC)_(2023-08-03)_(10-K).txt,0.0497,0.3374,6301,105,87,140,66,7,45,103,0.0167,0.0138,0.0222,0.0105,0.0011,0.0071,0.0163,-18,0.83,57,0.0788,0.3467,136,0.0285,0.3305,2025-10-21T16:24:30.213305
0000008818,Avery Dennison Corp,2023-02-22,10-K,2023,(0000008818)_(Avery Dennison Corp)_(2023-02-22)_(10-K).txt,0.0366,0.3288,9402,127,64,208,62,0,44,89,0.0135,0.0068,0.0221,0.0066,0.0,0.0047,0.0095,-63,0.5,114,0.0398,0.351,215,0.0072,0.3208,2025-10-21T16:24:30.332992
0000010456,BAXTER INTERNATIONAL INC,2023-02-09,10-K,2023,(0000010456)_(BAXTER INTERNATIONAL INC)_(2023-02-09)_(10-K).txt,0.058,0.3418,16414,445,163,444,173,2,122,208,0.0271,0.0099,0.0271,0.0105,0.0001,0.0074,0.0127,-282,0.37,228,0.0599,0.3504,308,0.0548,0.3265,2025-10-21T16:24:30.583496
0000010795,BECTON DICKINSON & CO,2023-11-21,10-K,2023,(0000010795)_(BECTON DICKINSON & CO)_(2023-11-21)_(10-K).txt,0.0611,0.3361,10102,241,157,234,130,0,95,111,0.0239,0.0155,0.0232,0.0129,0.0,0.0094,0.011,-84,0.65,136,0.0601,0.3708,154,0.0676,0.3364,2025-10-21T16:24:30.466628
0000011544,BERKLEY W R CORP,2023-02-24,10-K,2023,(0000011544)_(BERKLEY W R CORP)_(2023-02-24)_(10-K).txt,0.069,0.3642,7819,450,76,182,122,8,36,46,0.0576,0.0097,0.0233,0.0156,0.001,0.0046,0.0059,-374,0.17,90,0.08,0.4005,203,0.0493,0.3344,2025-10-21T16:24:30.533100
0000012208,"BIO-RAD LABORATORIES, INC",2023-02-17,10-K,2023,"(0000012208)_(BIO-RAD LABORATORIES, INC)_(2023-02-17)_(10-K).txt",0.085,0.3734,5894,113,42,128,65,1,47,59,0.0192,0.0071,0.0217,0.011,0.0002,0.008,0.01,-71,0.37,49,0.1029,0.4329,157,0.0675,0.3529,2025-10-21T16:24:30.622354
0000012927,BOEING CO,2023-01-27,10-K,2023,(0000012927)_(BOEING CO)_(2023-01-27)_(10-K).txt,0.0264,0.3382,10498,335,136,190,162,9,65,139,0.0319,0.013,0.0181,0.0154,0.0009,0.0062,0.0132,-199,0.41,168,0.0539,0.3629,305,0.0054,0.3317,2025-10-21T16:24:30.823392
0000014272,BRISTOL MYERS SQUIBB CO,2023-02-14,10-K,2023,(0000014272)_(BRISTOL MYERS SQUIBB CO)_(2023-02-14)_(10-K).txt,0.0538,0.3607,12867,240,156,264,152,4,74,114,0.0187,0.0121,0.0205,0.0118,0.0003,0.0058,0.0089,-84,0.65,142,0.0442,0.3671,289,0.0514,0.3559,2025-10-21T16:24:30.896151
0000014693,BROWN FORMAN CORP,2023-06-16,10-K,2023,(0000014693)_(BROWN FORMAN CORP)_(2023-06-16)_(10-K).txt,0.025,0.1917,48,0,0,5,0,0,0,0,0.0,0.0,0.1042,0.0,0.0,0.0,0.0,0,,1,-0.0625,0.1875,0,0.0,0.0,2025-10-21T16:24:30.625366
0000016732,CAMPBELL SOUP CO,2023-09-21,10-K,2023,(0000016732)_(CAMPBELL SOUP CO)_(2023-09-21)_(10-K).txt,0.0622,0.3695,12499,261,139,335,102,0,79,208,0.0209,0.0111,0.0268,0.0082,0.0,0.0063,0.0166,-122,0.53,183,0.0344,0.386,290,0.0621,0.3797,2025-10-21T16:24:30.948434
0000016918,"CONSTELLATION BRANDS, INC",2023-04-20,10-K,2023,"(0000016918)_(CONSTELLATION BRANDS, INC)_(2023-04-20)_(10-K).txt",0.1033,0.3665,4488,104,19,97,30,2,32,90,0.0232,0.0042,0.0216,0.0067,0.0004,0.0071,0.0201,-85,0.18,72,0.1075,0.4105,62,0.1197,0.3725,2025-10-21T16:24:30.930733
0000020286,CINCINNATI FINANCIAL CORP,2023-02-23,10-K,2023,(0000020286)_(CINCINNATI FINANCIAL CORP)_(2023-02-23)_(10-K).txt,0.0671,0.3637,24384,1934,347,595,390,38,122,206,0.0793,0.0142,0.0244,0.016,0.0016,0.005,0.0084,-1587,0.18,300,0.0607,0.3981,501,0.0509,0.3578,2025-10-21T16:24:31.458017
0000021344,COCA COLA CO,2023-02-21,10-K,2023,(0000021344)_(COCA COLA CO)_(2023-02-21)_(10-K).txt,0.0721,0.3367,14281,268,187,274,148,18,78,159,0.0188,0.0131,0.0192,0.0104,0.0013,0.0055,0.0111,-81,0.7,168,0.0669,0.3837,254,0.0489,0.3103,2025-10-21T16:24:31.258888
0000021665,COLGATE PALMOLIVE CO,2023-02-16,10-K,2023,(0000021665)_(COLGATE PALMOLIVE CO)_(2023-02-16)_(10-K).txt,0.0345,0.3309,14099,280,121,304,143,5,56,154,0.0199,0.0086,0.0216,0.0101,0.0004,0.004,0.0109,-159,0.43,177,0.0519,0.3802,353,0.0133,0.3168,2025-10-21T16:24:31.299539
0000023217,CONAGRA BRANDS INC,2023-07-13,10-K,2023,(0000023217)_(CONAGRA BRANDS INC)_(2023-07-13)_(10-K).txt,0.0565,0.3466,8643,201,79,256,70,2,74,133,0.0233,0.0091,0.0296,0.0081,0.0002,0.0086,0.0154,-122,0.39,126,0.0518,0.3583,166,0.0588,0.3534,2025-10-21T16:24:31.313213
0000024545,MOLSON COORS BEVERAGE CO,2023-02-21,10-K,2023,(0000024545)_(MOLSON COORS BEVERAGE CO)_(2023-02-21)_(10-K).txt,0.065,0.3992,16042,307,118,304,231,4,66,216,0.0191,0.0074,0.019,0.0144,0.0002,0.0041,0.0135,-189,0.38,137,0.0765,0.4187,279,0.0556,0.3767,2025-10-21T16:24:31.681301
0000026172,CUMMINS INC,2023-02-14,10-K,2023,(0000026172)_(CUMMINS INC)_(2023-02-14)_(10-K).txt,0.0515,0.3354,12910,212,140,240,94,2,57,124,0.0164,0.0108,0.0186,0.0073,0.0002,0.0044,0.0096,-72,0.66,178,0.0523,0.3374,193,0.0306,0.3251,2025-10-21T16:24:31.647357
0000027904,"DELTA AIR LINES, INC",2023-02-10,10-K,2023,"(0000027904)_(DELTA AIR LINES, INC)_(2023-02-10)_(10-K).txt",0.0806,0.3725,16336,230,143,275,121,3,61,249,0.0141,0.0088,0.0168,0.0074,0.0002,0.0037,0.0152,-87,0.62,225,0.0716,0.3754,364,0.0675,0.3829,2025-10-21T16:24:31.733668
0000029534,DOLLAR GENERAL CORP,2023-03-24,10-K,2023,(0000029534)_(DOLLAR GENERAL CORP)_(2023-03-24)_(10-K).txt,0.0662,0.3868,6213,94,77,145,34,2,56,71,0.0151,0.0124,0.0233,0.0055,0.0003,0.009,0.0114,-17,0.82,101,0.0617,0.3986,131,0.0611,0.3879,2025-10-21T16:24:31.613438
0000029905,DOVER Corp,2023-02-10,10-K,2023,(0000029905)_(DOVER Corp)_(2023-02-10)_(10-K).txt,0.0424,0.334,11697,244,170,222,44,1,37,84,0.0209,0.0145,0.019,0.0038,0.0001,0.0032,0.0072,-74,0.7,96,0.0557,0.3566,355,0.0316,0.335,2025-10-21T16:24:31.932573
0000031462,ECOLAB INC,2023-02-24,10-K,2023,(0000031462)_(ECOLAB INC)_(2023-02-24)_(10-K).txt,0.0701,0.3368,8905,176,119,165,87,1,46,104,0.0198,0.0134,0.0185,0.0098,0.0001,0.0052,0.0117,-57,0.68,108,0.0653,0.3562,266,0.0763,0.3421,2025-10-21T16:24:31.895878
0000033185,EQUIFAX INC,2023-02-23,10-K,2023,(0000033185)_(EQUIFAX INC)_(2023-02-23)_(10-K).txt,0.0629,0.3862,19238,883,181,727,603,14,395,339,0.0459,0.0094,0.0378,0.0313,0.0007,0.0205,0.0176,-702,0.2,371,0.0812,0.4194,388,0.048,0.3722,2025-10-21T16:24:32.161174
0000034088,EXXON MOBIL CORP,2023-02-22,10-K,2023,(0000034088)_(EXXON MOBIL CORP)_(2023-02-22)_(10-K).txt,0.0,0.0,34,0,0,0,0,0,0,0,0.0,0.0,0.0,0.0,0.0,0.0,0.0,0,,0,0.0,0.0,1,0.0,0.0,2025-10-21T16:24:31.736687
0000034903,FEDERAL REALTY INVESTMENT TRUST,2023-02-08,10-K,2023,(0000034903)_(FEDERAL REALTY INVESTMENT TRUST)_(2023-02-08)_(10-K).txt,0.0475,0.3613,10493,115,131,227,48,7,52,113,0.011,0.0125,0.0216,0.0046,0.0007,0.005,0.0108,16,1.14,133,0.0598,0.3919,225,0.0301,0.3538,2025-10-21T16:24:32.015578
0000035527,FIFTH THIRD BANCORP,2023-02-24,10-K,2023,(0000035527)_(FIFTH THIRD BANCORP)_(2023-02-24)_(10-K).txt,0.0309,0.3461,25685,547,153,619,192,8,68,157,0.0213,0.006,0.0241,0.0075,0.0003,0.0026,0.0061,-394,0.28,211,0.0673,0.3919,455,-0.0159,0.3162,2025-10-21T16:24:32.521294
0000036270,M&T BANK CORP,2023-02-22,10-K,2023,(0000036270)_(M&T BANK CORP)_(2023-02-22)_(10-K).txt,0.0332,0.3353,23560,551,125,504,215,3,100,122,0.0234,0.0053,0.0214,0.0091,0.0001,0.0042,0.0052,-426,0.23,224,0.0395,0.3416,548,0.0353,0.3362,2025-10-21T16:24:32.536689
0000037996,FORD MOTOR CO,2023-02-03,10-K,2023,(0000037996)_(FORD MOTOR CO)_(2023-02-03)_(10-K).txt,0.0671,0.3475,2466,73,23,83,18,3,19,27,0.0296,0.0093,0.0337,0.0073,0.0012,0.0077,0.0109,-50,0.32,67,0.0724,0.4037,24,0.0358,0.3042,2025-10-21T16:24:32.079557
0000040533,GENERAL DYNAMICS CORP,2023-02-07,10-K,2023,(0000040533)_(GENERAL DYNAMICS CORP)_(2023-02-07)_(10-K).txt,0.0694,0.4203,4699,56,58,95,127,4,16,48,0.0119,0.0123,0.0202,0.027,0.0009,0.0034,0.0102,2,1.04,78,0.0655,0.4562,114,0.0543,0.394,2025-10-21T16:24:32.198131
0000040987,GENUINE PARTS CO,2023-02-23,10-K,2023,(0000040987)_(GENUINE PARTS CO)_(2023-02-23)_(10-K).txt,0.0657,0.346,4735,90,88,127,41,1,30,52,0.019,0.0186,0.0268,0.0087,0.0002,0.0063,0.011,-2,0.98,83,0.0781,0.3707,103,0.0568,0.3541,2025-10-21T16:24:32.283461
0000045012,HALLIBURTON CO,2023-02-07,10-K,2023,(0000045012)_(HALLIBURTON CO)_(2023-02-07)_(10-K).txt,0.0488,0.3717,8014,173,85,178,74,4,42,92,0.0216,0.0106,0.0222,0.0092,0.0005,0.0052,0.0115,-88,0.49,121,0.0215,0.3934,132,0.069,0.3921,2025-10-21T16:24:32.399966
0000046080,"HASBRO, INC",2023-02-22,10-K,2023,"(0000046080)_(HASBRO, INC)_(2023-02-22)_(10-K).txt",0.0542,0.3195,15561,309,121,253,138,2,65,153,0.0199,0.0078,0.0163,0.0089,0.0001,0.0042,0.0098,-188,0.39,123,0.0504,0.3644,392,0.0481,0.3288,2025-10-21T16:24:32.659199
0000047111,HERSHEY CO,2023-02-17,10-K,2023,(0000047111)_(HERSHEY CO)_(2023-02-17)_(10-K).txt,0.0649,0.3643,8137,107,116,164,56,4,47,97,0.0131,0.0143,0.0202,0.0069,0.0005,0.0058,0.0119,9,1.08,118,0.0701,0.4214,164,0.0496,0.3305,2025-10-21T16:24:32.606973
0000048465,HORMEL FOODS CORP DE,2023-12-06,10-K,2023,(0000048465)_(HORMEL FOODS CORP DE)_(2023-12-06)_(10-K).txt,0.0729,0.314,8290,152,55,132,49,1,32,100,0.0183,0.0066,0.0159,0.0059,0.0001,0.0039,0.0121,-97,0.36,126,0.098,0.401,183,0.0616,0.2904,2025-10-21T16:24:32.743950
0000049071,HUMANA INC,2023-02-16,10-K,2023,(0000049071)_(HUMANA INC)_(2023-02-16)_(10-K).txt,0.0508,0.3627,12154,213,178,191,210,10,33,125,0.0175,0.0146,0.0157,0.0173,0.0008,0.0027,0.0103,-35,0.84,102,0.0807,0.4017,245,0.0228,0.357,2025-10-21T16:24:32.851837
0000049826,ILLINOIS TOOL WORKS INC,2023-02-10,10-K,2023,(0000049826)_(ILLINOIS TOOL WORKS INC)_(2023-02-10)_(10-K).txt,0.0539,0.376,9870,149,164,152,43,9,36,51,0.0151,0.0166,0.0154,0.0044,0.0009,0.0036,0.0052,15,1.1,78,0.038,0.3631,299,0.0532,0.3639,2025-10-21T16:24:32.890207
0000051253,INTERNATIONAL FLAVORS & FRAGRANCES INC,2023-02-27,10-K,2023,(0000051253)_(INTERNATIONAL FLAVORS & FRAGRANCES INC)_(2023-02-27)_(10-K).txt,0.0781,0.3634,6444,142,56,147,70,1,35,135,0.022,0.0087,0.0228,0.0109,0.0002,0.0054,0.0209,-86,0.39,68,0.0415,0.3782,129,0.0909,0.3832,2025-10-21T16:24:32.810838
0000051434,INTERNATIONAL PAPER CO NEW,2023-02-17,10-K,2023,(0000051434)_(INTERNATIONAL PAPER CO NEW)_(2023-02-17)_(10-K).txt,0.0166,0.2201,4451,132,37,15,19,0,3,11,0.0297,0.0083,0.0034,0.0043,0.0,0.0007,0.0025,-95,0.28,5,-0.0149,0.1647,41,-0.008,0.2255,2025-10-21T16:24:33.003749
0000051644,"INTERPUBLIC GROUP OF COMPANIES, INC",2023-02-21,10-K,2023,"(0000051644)_(INTERPUBLIC GROUP OF COMPANIES, INC)_(2023-02-21)_(10-K).txt",0.0495,0.3468,15360,280,107,306,152,6,83,210,0.0182,0.007,0.0199,0.0099,0.0004,0.0054,0.0137,-173,0.38,156,0.0545,0.3552,371,0.0365,0.3459,2025-10-21T16:24:33.220149
0000055067,KELLOGG CO,2023-02-21,10-K,2023,(0000055067)_(KELLOGG CO)_(2023-02-21)_(10-K).txt,0.0453,0.3221,12896,221,147,319,105,2,93,157,0.0171,0.0114,0.0247,0.0081,0.0002,0.0072,0.0122,-74,0.67,210,0.0469,0.3554,314,0.0381,0.3175,2025-10-21T16:24:33.181274
0000055785,KIMBERLY CLARK CORP,2023-02-09,10-K,2023,(0000055785)_(KIMBERLY CLARK CORP)_(2023-02-09)_(10-K).txt,0.0245,0.3287,6191,108,61,155,42,1,42,69,0.0174,0.0099,0.025,0.0068,0.0002,0.0068,0.0111,-47,0.56,92,-0.001,0.3146,160,0.0276,0.3559,2025-10-21T16:24:33.051941
0000056873,KROGER CO,2023-03-28,10-K,2023,(0000056873)_(KROGER CO)_(2023-03-28)_(10-K).txt,0.0546,0.3622,13746,202,157,200,139,2,57,205,0.0147,0.0114,0.0145,0.0101,0.0001,0.0041,0.0149,-45,0.78,193,0.077,0.3905,305,0.037,0.3752,2025-10-21T16:24:33.335333
0000059478,ELI LILLY & Co,2023-02-22,10-K,2023,(0000059478)_(ELI LILLY & Co)_(2023-02-22)_(10-K).txt,0.0536,0.3552,13485,340,164,420,243,3,111,184,0.0252,0.0122,0.0311,0.018,0.0002,0.0082,0.0136,-176,0.48,213,0.0304,0.3832,259,0.0715,0.3638,2025-10-21T16:24:33.395027
0000059558,LINCOLN NATIONAL CORP,2023-02-16,10-K,2023,(0000059558)_(LINCOLN NATIONAL CORP)_(2023-02-16)_(10-K).txt,0.0571,0.3648,2656,53,19,111,24,0,18,19,0.02,0.0072,0.0418,0.009,0.0,0.0068,0.0072,-34,0.36,36,0.0976,0.3868,37,0.0241,0.364,2025-10-21T16:24:33.248313
0000059558,LINCOLN NATIONAL CORP,2023-03-30,10-K-A,2023,(0000059558)_(LINCOLN NATIONAL CORP)_(2023-03-30)_(10-K-A).txt,0.0571,0.3648,2658,55,19,111,24,0,18,19,0.0207,0.0071,0.0418,0.009,0.0,0.0068,0.0071,-36,0.35,36,0.0976,0.3868,37,0.0241,0.364,2025-10-21T16:24:33.286251
0000060086,LOEWS CORP,2023-02-07,10-K,2023,(0000060086)_(LOEWS CORP)_(2023-02-07)_(10-K).txt,0.0442,0.3382,11087,392,143,287,221,11,91,111,0.0354,0.0129,0.0259,0.0199,0.001,0.0082,0.01,-249,0.36,167,0.0338,0.3904,197,0.0418,0.306,2025-10-21T16:24:33.503946
0000060667,LOWES COMPANIES INC,2023-03-27,10-K,2023,(0000060667)_(LOWES COMPANIES INC)_(2023-03-27)_(10-K).txt,0.0539,0.3495,2533,64,16,74,20,2,20,29,0.0253,0.0063,0.0292,0.0079,0.0008,0.0079,0.0114,-48,0.25,44,0.0488,0.3464,53,0.0191,0.365,2025-10-21T16:24:33.352795
0000062709,"MARSH & MCLENNAN COMPANIES, INC",2023-02-13,10-K,2023,"(0000062709)_(MARSH & MCLENNAN COMPANIES, INC)_(2023-02-13)_(10-K).txt",0.0521,0.3682,8387,135,70,238,94,0,53,78,0.0161,0.0083,0.0284,0.0112,0.0,0.0063,0.0093,-65,0.52,127,0.0424,0.3884,197,0.0463,0.3617,2025-10-21T16:24:33.560267
0000062996,MASCO CORP DE,2023-02-09,10-K,2023,(0000062996)_(MASCO CORP DE)_(2023-02-09)_(10-K).txt,0.0031,0.3339,5513,179,63,134,42,0,30,80,0.0325,0.0114,0.0243,0.0076,0.0,0.0054,0.0145,-116,0.35,65,0.02,0.3806,153,-0.0081,0.311,2025-10-21T16:24:33.497309
0000063754,MCCORMICK & CO INC,2023-01-26,10-K,2023,(0000063754)_(MCCORMICK & CO INC)_(2023-01-26)_(10-K).txt,0.0584,0.349,15872,225,219,284,73,4,45,135,0.0142,0.0138,0.0179,0.0046,0.0003,0.0028,0.0085,-6,0.97,193,0.0612,0.3845,407,0.0458,0.3444,2025-10-21T16:24:33.811502
0000064803,CVS HEALTH Corp,2023-02-08,10-K,2023,(0000064803)_(CVS HEALTH Corp)_(2023-02-08)_(10-K).txt,0.0589,0.3466,13408,306,127,242,162,9,63,177,0.0228,0.0095,0.018,0.0121,0.0007,0.0047,0.0132,-179,0.42,155,0.0609,0.3365,313,0.046,0.343,2025-10-21T16:24:33.818982
0000066740,3M CO,2023-02-08,10-K,2023,(0000066740)_(3M CO)_(2023-02-08)_(10-K).txt,0.0349,0.3617,16725,378,156,288,180,2,60,228,0.0226,0.0093,0.0172,0.0108,0.0001,0.0036,0.0136,-222,0.41,221,0.0018,0.3564,357,0.0253,0.3728,2025-10-21T16:24:33.909787
0000068505,"Motorola Solutions, Inc",2023-02-16,10-K,2023,"(0000068505)_(Motorola Solutions, Inc)_(2023-02-16)_(10-K).txt",0.0564,0.307,9829,183,118,135,98,5,43,95,0.0186,0.012,0.0137,0.01,0.0005,0.0044,0.0097,-65,0.64,120,0.0648,0.3525,219,0.0495,0.2905,2025-10-21T16:24:33.804936
0000070858,BANK OF AMERICA CORP DE,2023-02-22,10-K,2023,(0000070858)_(BANK OF AMERICA CORP DE)_(2023-02-22)_(10-K).txt,0.048,0.3704,55936,2428,360,2408,1257,35,711,798,0.0434,0.0064,0.043,0.0225,0.0006,0.0127,0.0143,-2068,0.15,825,0.0298,0.3752,716,0.0419,0.3864,2025-10-21T16:24:35.136288
0000072331,NORDSON CORP,2023-12-20,10-K,2023,(0000072331)_(NORDSON CORP)_(2023-12-20)_(10-K).txt,0.0721,0.3627,4667,77,42,98,41,0,18,63,0.0165,0.009,0.021,0.0088,0.0,0.0039,0.0135,-35,0.55,49,0.1075,0.3793,133,0.0517,0.3675,2025-10-21T16:24:33.943954
0000073124,NORTHERN TRUST CORP,2023-02-28,10-K,2023,(0000073124)_(NORTHERN TRUST CORP)_(2023-02-28)_(10-K).txt,0.0412,0.3401,23268,464,139,1042,185,13,70,267,0.0199,0.006,0.0448,0.008,0.0006,0.003,0.0115,-325,0.3,220,0.0466,0.35,234,0.0264,0.377,2025-10-21T16:24:34.377618
0000073309,NUCOR CORP,2023-03-01,10-K,2023,(0000073309)_(NUCOR CORP)_(2023-03-01)_(10-K).txt,0.0532,0.4015,5848,142,83,154,42,9,29,95,0.0243,0.0142,0.0263,0.0072,0.0015,0.005,0.0162,-59,0.58,80,0.0921,0.4121,153,0.0157,0.3923,2025-10-21T16:24:34.057149
0000074208,"UDR, Inc",2023-02-13,10-K,2023,"(0000074208)_(UDR, Inc)_(2023-02-13)_(10-K).txt",0.0156,0.3634,7161,88,75,180,37,8,46,51,0.0123,0.0105,0.0251,0.0052,0.0011,0.0064,0.0071,-13,0.85,67,0.0561,0.3451,162,-0.0201,0.3595,2025-10-21T16:24:34.131639
0000075362,PACCAR INC,2023-02-22,10-K,2023,(0000075362)_(PACCAR INC)_(2023-02-22)_(10-K).txt,0.0198,0.3394,4387,104,23,56,31,0,17,53,0.0237,0.0052,0.0128,0.0071,0.0,0.0039,0.0121,-81,0.22,52,-0.0032,0.3321,125,0.0061,0.3469,2025-10-21T16:24:34.171017
0000075677,PACKAGING CORP OF AMERICA,2023-02-23,10-K,2023,(0000075677)_(PACKAGING CORP OF AMERICA)_(2023-02-23)_(10-K).txt,0.0589,0.381,10355,300,107,277,159,4,162,137,0.029,0.0103,0.0268,0.0154,0.0004,0.0156,0.0132,-193,0.36,198,0.0572,0.3991,190,0.0482,0.3803,2025-10-21T16:24:34.397620
0000077360,PENTAIR plc,2023-02-21,10-K,2023,(0000077360)_(PENTAIR plc)_(2023-02-21)_(10-K).txt,0.0675,0.3692,5011,108,37,135,70,2,49,81,0.0216,0.0074,0.0269,0.014,0.0004,0.0098,0.0162,-71,0.34,79,0.0802,0.4,95,0.0515,0.3545,2025-10-21T16:24:34.301445
0000077476,PEPSICO INC,2023-02-09,10-K,2023,(0000077476)_(PEPSICO INC)_(2023-02-09)_(10-K).txt,-0.0262,0.3756,2376,15,0,16,108,0,16,3,0.0063,0.0,0.0067,0.0455,0.0,0.0067,0.0013,-15,0.0,19,0.0945,0.4159,23,0.1275,0.3748,2025-10-21T16:24:34.365406
0000078003,PFIZER INC,2023-02-23,10-K,2023,(0000078003)_(PFIZER INC)_(2023-02-23)_(10-K).txt,0.0754,0.3767,13315,272,185,268,157,4,69,154,0.0204,0.0139,0.0201,0.0118,0.0003,0.0052,0.0116,-87,0.68,163,0.062,0.3831,208,0.0583,0.3544,2025-10-21T16:24:34.697116
0000079282,"BROWN & BROWN, INC",2023-02-27,10-K,2023,"(0000079282)_(BROWN & BROWN, INC)_(2023-02-27)_(10-K).txt",0.0434,0.4041,7593,99,44,144,97,5,23,86,0.013,0.0058,0.019,0.0128,0.0007,0.003,0.0113,-55,0.44,69,0.0912,0.4288,179,0.0226,0.4135,2025-10-21T16:24:34.591129
0000079879,PPG INDUSTRIES INC,2023-02-16,10-K,2023,(0000079879)_(PPG INDUSTRIES INC)_(2023-02-16)_(10-K).txt,0.051,0.3549,8025,207,132,150,84,3,31,100,0.0258,0.0164,0.0187,0.0105,0.0004,0.0039,0.0125,-75,0.64,109,0.0563,0.369,191,0.0405,0.3559,2025-10-21T16:24:34.618745
0000080424,PROCTER & GAMBLE Co,2023-08-04,10-K,2023,(0000080424)_(PROCTER & GAMBLE Co)_(2023-08-04)_(10-K).txt,0.0596,0.3271,15970,354,225,400,89,13,123,124,0.0222,0.0141,0.025,0.0056,0.0008,0.0077,0.0078,-129,0.64,215,0.0862,0.3641,394,0.0291,0.3099,2025-10-21T16:24:34.974678
0000080661,PROGRESSIVE CORP OH,2023-02-27,10-K,2023,(0000080661)_(PROGRESSIVE CORP OH)_(2023-02-27)_(10-K).txt,0.0,0.0,30,0,0,0,0,0,0,0,0.0,0.0,0.0,0.0,0.0,0.0,0.0,0,,0,0.0,0.0,0,0.0,0.0,2025-10-21T16:24:34.621186
0000086312,"TRAVELERS COMPANIES, INC",2023-02-16,10-K,2023,"(0000086312)_(TRAVELERS COMPANIES, INC)_(2023-02-16)_(10-K).txt",0.0,0.5,33,0,0,0,0,0,0,1,0.0,0.0,0.0,0.0,0.0,0.0,0.0303,0,,0,0.0,0.0,1,0.0,1.0,2025-10-21T16:24:34.623238
0000087347,SCHLUMBERGER LIMITED NV,2023-01-25,10-K,2023,(0000087347)_(SCHLUMBERGER LIMITED NV)_(2023-01-25)_(10-K).txt,0.0485,0.3605,6982,284,129,241,130,3,104,104,0.0407,0.0185,0.0345,0.0186,0.0004,0.0149,0.0149,-155,0.45,137,0.0267,0.3542,152,0.0814,0.3673,2025-10-21T16:24:34.792654
0000091419,J M SMUCKER Co,2023-06-20,10-K,2023,(0000091419)_(J M SMUCKER Co)_(2023-06-20)_(10-K).txt,0.0533,0.3607,7510,262,90,192,64,5,39,97,0.0349,0.012,0.0256,0.0085,0.0007,0.0052,0.0129,-172,0.34,104,0.0405,0.401,142,0.0488,0.3355,2025-10-21T16:24:34.892002
0000092230,TRUIST FINANCIAL CORP,2023-02-28,10-K,2023,(0000092230)_(TRUIST FINANCIAL CORP)_(2023-02-28)_(10-K).txt,0.0477,0.3689,13970,294,152,430,124,11,49,110,0.021,0.0109,0.0308,0.0089,0.0008,0.0035,0.0079,-142,0.52,147,0.0651,0.3483,260,0.0167,0.3483,2025-10-21T16:24:35.144133
0000092380,SOUTHWEST AIRLINES CO,2023-02-07,10-K,2023,(0000092380)_(SOUTHWEST AIRLINES CO)_(2023-02-07)_(10-K).txt,0.054,0.3356,18480,317,210,269,186,2,63,138,0.0172,0.0114,0.0146,0.0101,0.0001,0.0034,0.0075,-107,0.66,182,0.0453,0.3418,316,0.0462,0.3526,2025-10-21T16:24:35.327509
0000093556,"STANLEY BLACK & DECKER, INC",2023-02-23,10-K,2023,"(0000093556)_(STANLEY BLACK & DECKER, INC)_(2023-02-23)_(10-K).txt",0.0502,0.3351,9601,215,127,232,109,4,56,105,0.0224,0.0132,0.0242,0.0114,0.0004,0.0058,0.0109,-88,0.59,133,0.0424,0.3677,198,0.069,0.3261,2025-10-21T16:24:35.192478
0000093751,STATE STREET CORP,2023-02-16,10-K,2023,(0000093751)_(STATE STREET CORP)_(2023-02-16)_(10-K).txt,0.0391,0.364,35328,672,211,1416,353,20,179,458,0.019,0.006,0.0401,0.01,0.0006,0.0051,0.013,-461,0.31,352,0.054,0.359,513,0.0144,0.3663,2025-10-21T16:24:35.995427
0000096021,SYSCO CORP,2023-08-25,10-K,2023,(0000096021)_(SYSCO CORP)_(2023-08-25)_(10-K).txt,0.0653,0.3636,17055,282,58,205,211,7,75,249,0.0165,0.0034,0.012,0.0124,0.0004,0.0044,0.0146,-224,0.21,318,0.057,0.3317,268,0.0652,0.4071,2025-10-21T16:24:35.627121
0000096943,TELEFLEX INC,2023-02-23,10-K,2023,(0000096943)_(TELEFLEX INC)_(2023-02-23)_(10-K).txt,0.0844,0.366,8188,193,72,186,79,5,62,143,0.0236,0.0088,0.0227,0.0096,0.0006,0.0076,0.0175,-121,0.37,115,0.0937,0.3895,156,0.0617,0.3378,2025-10-21T16:24:35.406262
0000097476,TEXAS INSTRUMENTS INC,2023-02-03,10-K,2023,(0000097476)_(TEXAS INSTRUMENTS INC)_(2023-02-03)_(10-K).txt,0.0912,0.3559,3051,30,57,37,25,6,15,21,0.0098,0.0187,0.0121,0.0082,0.002,0.0049,0.0069,27,1.9,34,0.0788,0.3876,65,0.0728,0.3421,2025-10-21T16:24:35.411405
0000100493,"TYSON FOODS, INC",2023-11-13,10-K,2023,"(0000100493)_(TYSON FOODS, INC)_(2023-11-13)_(10-K).txt",0.024,0.3831,13052,340,128,406,84,2,84,218,0.026,0.0098,0.0311,0.0064,0.0002,0.0064,0.0167,-212,0.38,196,0.0767,0.4093,305,-0.0057,0.403,2025-10-21T16:24:35.736030
0000100517,"United Airlines Holdings, Inc",2023-02-16,10-K,2023,"(0000100517)_(United Airlines Holdings, Inc)_(2023-02-16)_(10-K).txt",0.0016,0.3084,312,3,1,19,1,0,1,0,0.0096,0.0032,0.0609,0.0032,0.0,0.0032,0.0,-2,0.33,3,-0.3375,0.55,4,-0.0292,0.3119,2025-10-21T16:24:35.420502
0000101778,MARATHON OIL CORP,2023-02-16,10-K,2023,(0000101778)_(MARATHON OIL CORP)_(2023-02-16)_(10-K).txt,0.0552,0.3814,9065,140,39,208,95,9,62,123,0.0154,0.0043,0.0229,0.0105,0.001,0.0068,0.0136,-101,0.28,159,0.0433,0.4127,146,0.05,0.3874,2025-10-21T16:24:35.640931
0000103379,V F CORP,2023-05-25,10-K,2023,(0000103379)_(V F CORP)_(2023-05-25)_(10-K).txt,0.0313,0.3465,12180,357,94,349,121,4,64,166,0.0293,0.0077,0.0287,0.0099,0.0003,0.0053,0.0136,-263,0.26,147,0.086,0.383,349,-0.0061,0.3308,2025-10-21T16:24:35.934911
0000104169,Walmart Inc,2023-03-17,10-K,2023,(0000104169)_(Walmart Inc)_(2023-03-17)_(10-K).txt,0.0376,0.346,6951,120,83,146,73,1,41,49,0.0173,0.0119,0.021,0.0105,0.0001,0.0059,0.007,-37,0.69,68,0.0537,0.3593,170,0.0187,0.3351,2025-10-21T16:24:35.812575
0000105770,WEST PHARMACEUTICAL SERVICES INC,2023-02-21,10-K,2023,(0000105770)_(WEST PHARMACEUTICAL SERVICES INC)_(2023-02-21)_(10-K).txt,0.0192,0.3117,5238,100,44,93,54,0,25,87,0.0191,0.0084,0.0178,0.0103,0.0,0.0048,0.0166,-56,0.44,72,0.0309,0.3277,119,-0.0077,0.2966,2025-10-21T16:24:35.879910
0000106040,WESTERN DIGITAL CORP,2023-08-22,10-K,2023,(0000106040)_(WESTERN DIGITAL CORP)_(2023-08-22)_(10-K).txt,0.034,0.3413,4613,103,21,110,52,1,29,81,0.0223,0.0046,0.0238,0.0113,0.0002,0.0063,0.0176,-82,0.2,52,0.0513,0.3653,84,0.0132,0.3442,2025-10-21T16:24:35.936442
0000106640,WHIRLPOOL CORP DE,2023-02-10,10-K,2023,(0000106640)_(WHIRLPOOL CORP DE)_(2023-02-10)_(10-K).txt,0.0507,0.3409,11272,281,97,292,122,3,86,187,0.0249,0.0086,0.0259,0.0108,0.0003,0.0076,0.0166,-184,0.35,141,0.0569,0.3764,228,0.0222,0.3143,2025-10-21T16:24:36.176284
0000200406,JOHNSON & JOHNSON,2023-02-16,10-K,2023,(0000200406)_(JOHNSON & JOHNSON)_(2023-02-16)_(10-K).txt,0.0524,0.3421,10071,240,121,177,147,0,46,77,0.0238,0.012,0.0176,0.0146,0.0,0.0046,0.0076,-119,0.5,94,0.088,0.4115,243,0.0273,0.3355,2025-10-21T16:24:36.192810
0000217346,TEXTRON INC,2023-02-16,10-K,2023,(0000217346)_(TEXTRON INC)_(2023-02-16)_(10-K).txt,0.0426,0.3506,4607,42,42,57,82,3,11,53,0.0091,0.0091,0.0124,0.0178,0.0007,0.0024,0.0115,0,1.0,39,0.0423,0.3665,91,0.0115,0.3636,2025-10-21T16:24:36.058873
0000277135,"W.W. GRAINGER, INC",2023-02-21,10-K,2023,"(0000277135)_(W.W. GRAINGER, INC)_(2023-02-21)_(10-K).txt",0.0481,0.3038,3623,55,33,93,18,1,20,31,0.0152,0.0091,0.0257,0.005,0.0003,0.0055,0.0086,-22,0.6,38,0.0463,0.3002,113,0.0333,0.3123,2025-10-21T16:24:36.096911
0000277948,CSX CORP,2023-02-15,10-K,2023,(0000277948)_(CSX CORP)_(2023-02-15)_(10-K).txt,0.0534,0.3775,14559,375,142,305,188,4,143,138,0.0258,0.0098,0.0209,0.0129,0.0003,0.0098,0.0095,-233,0.38,189,0.0558,0.3846,268,0.0372,0.3729,2025-10-21T16:24:36.379185
0000310764,STRYKER CORP,2023-02-10,10-K,2023,(0000310764)_(STRYKER CORP)_(2023-02-10)_(10-K).txt,0.0627,0.3231,6509,165,76,141,98,11,48,85,0.0253,0.0117,0.0217,0.0151,0.0017,0.0074,0.0131,-89,0.46,84,0.0919,0.3856,152,0.0422,0.2905,2025-10-21T16:24:36.296804
0000313927,CHURCH & DWIGHT CO INC DE,2023-02-16,10-K,2023,(0000313927)_(CHURCH & DWIGHT CO INC DE)_(2023-02-16)_(10-K).txt,0.0807,0.3661,5773,134,66,155,22,1,49,61,0.0232,0.0114,0.0268,0.0038,0.0002,0.0085,0.0106,-68,0.49,86,0.0707,0.3701,150,0.0749,0.3536,2025-10-21T16:24:36.328050
0000314808,Valaris Ltd,2023-02-21,10-K,2023,(0000314808)_(Valaris Ltd)_(2023-02-21)_(10-K).txt,0.0,0.0,21,0,0,1,0,0,0,0,0.0,0.0,0.0476,0.0,0.0,0.0,0.0,0,,0,0.0,0.0,0,0.0,0.0,2025-10-21T16:24:36.195252
0000315213,ROBERT HALF INTERNATIONAL INC,2023-02-10,10-K,2023,(0000315213)_(ROBERT HALF INTERNATIONAL INC)_(2023-02-10)_(10-K).txt,0.0231,0.2835,3551,41,28,65,54,1,22,27,0.0115,0.0079,0.0183,0.0152,0.0003,0.0062,0.0076,-13,0.68,37,0.0357,0.3123,109,0.0161,0.2852,2025-10-21T16:24:36.284707
0000315293,Aon plc,2023-02-17,10-K,2023,(0000315293)_(Aon plc)_(2023-02-17)_(10-K).txt,0.0725,0.3997,11045,156,45,169,203,3,40,105,0.0141,0.0041,0.0153,0.0184,0.0003,0.0036,0.0095,-111,0.29,122,0.1084,0.446,165,0.0368,0.3618,2025-10-21T16:24:36.633603
0000316709,SCHWAB CHARLES CORP,2023-02-24,10-K,2023,(0000316709)_(SCHWAB CHARLES CORP)_(2023-02-24)_(10-K).txt,0.0409,0.3589,14680,197,107,342,154,13,56,132,0.0134,0.0073,0.0233,0.0105,0.0009,0.0038,0.009,-90,0.54,116,0.0417,0.3426,281,0.0349,0.3794,2025-10-21T16:24:36.639266
0000318154,AMGEN INC,2023-02-09,10-K,2023,(0000318154)_(AMGEN INC)_(2023-02-09)_(10-K).txt,0.0509,0.3826,6753,127,45,224,103,5,66,82,0.0188,0.0067,0.0332,0.0153,0.0007,0.0098,0.0121,-82,0.35,105,0.0445,0.356,154,0.0397,0.3928,2025-10-21T16:24:36.499210
0000319201,KLA CORP,2023-08-04,10-K,2023,(0000319201)_(KLA CORP)_(2023-08-04)_(10-K).txt,0.065,0.3644,7627,98,43,188,79,2,58,119,0.0128,0.0056,0.0246,0.0104,0.0003,0.0076,0.0156,-55,0.44,104,0.0586,0.3969,136,0.0507,0.3532,2025-10-21T16:24:36.581664
0000320187,"NIKE, Inc",2023-07-20,10-K,2023,"(0000320187)_(NIKE, Inc)_(2023-07-20)_(10-K).txt",0.0303,0.3261,10162,166,81,248,92,1,69,100,0.0163,0.008,0.0244,0.0091,0.0001,0.0068,0.0098,-85,0.49,95,0.0377,0.3106,221,0.0196,0.3371,2025-10-21T16:24:36.768270
0000320193,Apple Inc,2023-11-03,10-K,2023,(0000320193)_(Apple Inc)_(2023-11-03)_(10-K).txt,0.0393,0.3058,1392,16,1,25,13,0,8,20,0.0115,0.0007,0.018,0.0093,0.0,0.0057,0.0144,-15,0.06,10,0.0314,0.2984,38,0.0226,0.3173,2025-10-21T16:24:36.620209
0000352915,UNIVERSAL HEALTH SERVICES INC,2023-02-27,10-K,2023,(0000352915)_(UNIVERSAL HEALTH SERVICES INC)_(2023-02-27)_(10-K).txt,0.0452,0.3636,19502,482,131,334,434,8,116,289,0.0247,0.0067,0.0171,0.0223,0.0004,0.0059,0.0148,-351,0.27,242,0.032,0.3654,381,0.0384,0.353,2025-10-21T16:24:37.093033
0000701985,"Bath & Body Works, Inc",2023-03-17,10-K,2023,"(0000701985)_(Bath & Body Works, Inc)_(2023-03-17)_(10-K).txt",0.0162,0.3572,16045,707,141,543,387,3,336,217,0.0441,0.0088,0.0338,0.0241,0.0002,0.0209,0.0135,-566,0.2,271,0.0237,0.3979,276,0.001,0.3296,2025-10-21T16:24:37.048239
0000702165,NORFOLK SOUTHERN CORP,2023-02-03,10-K,2023,(0000702165)_(NORFOLK SOUTHERN CORP)_(2023-02-03)_(10-K).txt,0.0551,0.3702,4633,91,64,82,29,0,25,39,0.0196,0.0138,0.0177,0.0063,0.0,0.0054,0.0084,-27,0.7,55,0.0352,0.3817,148,0.0451,0.3815,2025-10-21T16:24:36.767428
0000707549,LAM RESEARCH CORP,2023-08-15,10-K,2023,(0000707549)_(LAM RESEARCH CORP)_(2023-08-15)_(10-K).txt,0.0616,0.3468,4387,70,51,91,38,1,24,53,0.016,0.0116,0.0207,0.0087,0.0002,0.0055,0.0121,-19,0.73,59,0.0725,0.3509,72,0.0526,0.3632,2025-10-21T16:24:36.869381
0000711404,"COOPER COMPANIES, INC",2023-12-08,10-K,2023,"(0000711404)_(COOPER COMPANIES, INC)_(2023-12-08)_(10-K).txt",0.0462,0.3273,4009,73,44,69,35,0,13,40,0.0182,0.011,0.0172,0.0087,0.0,0.0032,0.01,-29,0.6,50,0.038,0.3242,98,0.0427,0.351,2025-10-21T16:24:36.864685
0000713676,"PNC FINANCIAL SERVICES GROUP, INC",2023-02-22,10-K,2023,"(0000713676)_(PNC FINANCIAL SERVICES GROUP, INC)_(2023-02-22)_(10-K).txt",0.0527,0.3657,19297,491,133,643,178,6,77,142,0.0254,0.0069,0.0333,0.0092,0.0003,0.004,0.0074,-358,0.27,219,0.0383,0.3598,280,0.019,0.3745,2025-10-21T16:24:37.316592
0000715957,"DOMINION ENERGY, INC",2023-02-21,10-K,2023,"(0000715957)_(DOMINION ENERGY, INC)_(2023-02-21)_(10-K).txt",0.0287,0.3378,15704,292,104,369,264,5,128,217,0.0186,0.0066,0.0235,0.0168,0.0003,0.0082,0.0138,-188,0.36,218,0.0272,0.3702,178,0.0232,0.3323,2025-10-21T16:24:37.227198
0000723125,MICRON TECHNOLOGY INC,2023-10-06,10-K,2023,(0000723125)_(MICRON TECHNOLOGY INC)_(2023-10-06)_(10-K).txt,0.0333,0.3604,4797,153,29,147,42,3,57,84,0.0319,0.006,0.0306,0.0088,0.0006,0.0119,0.0175,-124,0.19,109,0.0435,0.3601,94,-0.0028,0.3549,2025-10-21T16:24:37.170032
0000723254,CINTAS CORP,2023-07-27,10-K,2023,(0000723254)_(CINTAS CORP)_(2023-07-27)_(10-K).txt,0.0538,0.3384,5341,55,82,80,54,1,53,47,0.0103,0.0154,0.015,0.0101,0.0002,0.0099,0.0088,27,1.49,39,0.0521,0.3673,130,0.0402,0.3417,2025-10-21T16:24:37.215059
0000723531,PAYCHEX INC,2023-07-14,10-K,2023,(0000723531)_(PAYCHEX INC)_(2023-07-14)_(10-K).txt,0.0671,0.3618,4616,81,30,134,49,1,58,49,0.0175,0.0065,0.029,0.0106,0.0002,0.0126,0.0106,-51,0.37,72,0.0563,0.3751,79,0.0633,0.3387,2025-10-21T16:24:37.282294
0000726728,REALTY INCOME CORP,2023-02-22,10-K,2023,(0000726728)_(REALTY INCOME CORP)_(2023-02-22)_(10-K).txt,0.0449,0.328,8617,106,90,120,55,9,34,103,0.0123,0.0104,0.0139,0.0064,0.001,0.0039,0.012,-16,0.85,62,0.0987,0.3542,177,0.0394,0.3341,2025-10-21T16:24:37.427406
0000728535,HUNT J B TRANSPORT SERVICES INC,2023-02-24,10-K,2023,(0000728535)_(HUNT J B TRANSPORT SERVICES INC)_(2023-02-24)_(10-K).txt,0.0371,0.3869,3417,86,10,48,69,0,14,29,0.0252,0.0029,0.014,0.0202,0.0,0.0041,0.0085,-76,0.12,25,0.0795,0.3388,140,0.0318,0.4045,2025-10-21T16:24:37.313842
0000731766,UNITEDHEALTH GROUP INC,2023-02-24,10-K,2023,(0000731766)_(UNITEDHEALTH GROUP INC)_(2023-02-24)_(10-K).txt,0.053,0.3026,4737,41,62,77,43,3,22,55,0.0087,0.0131,0.0163,0.0091,0.0006,0.0046,0.0116,21,1.51,58,0.1075,0.3347,80,0.033,0.3177,2025-10-21T16:24:37.393503
0000731802,ATMOS ENERGY CORP,2023-11-14,10-K,2023,(0000731802)_(ATMOS ENERGY CORP)_(2023-11-14)_(10-K).txt,0.0459,0.3608,6300,85,52,135,89,2,47,76,0.0135,0.0083,0.0214,0.0141,0.0003,0.0075,0.0121,-33,0.61,79,0.0284,0.3965,118,0.0499,0.3518,2025-10-21T16:24:37.462866
0000732717,AT&T INC,2023-02-13,10-K,2023,(0000732717)_(AT&T INC)_(2023-02-13)_(10-K).txt,0.0457,0.3624,10684,223,83,163,161,1,45,144,0.0209,0.0078,0.0153,0.0151,0.0001,0.0042,0.0135,-140,0.37,124,0.0846,0.3972,253,0.0261,0.3775,2025-10-21T16:24:37.596950
0000740260,"Ventas, Inc",2023-02-10,10-K,2023,"(0000740260)_(Ventas, Inc)_(2023-02-10)_(10-K).txt",0.0765,0.3632,8402,129,93,189,27,2,61,87,0.0154,0.0111,0.0225,0.0032,0.0002,0.0073,0.0104,-36,0.72,79,0.0845,0.3804,121,0.0707,0.3635,2025-10-21T16:24:37.587837
0000745732,"ROSS STORES, INC",2023-03-28,10-K,2023,"(0000745732)_(ROSS STORES, INC)_(2023-03-28)_(10-K).txt",0.0489,0.3561,3005,48,26,47,16,0,11,28,0.016,0.0087,0.0156,0.0053,0.0,0.0037,0.0093,-22,0.54,39,0.0477,0.3724,88,0.0532,0.3562,2025-10-21T16:24:37.510641
0000749251,GARTNER INC,2023-02-16,10-K,2023,(0000749251)_(GARTNER INC)_(2023-02-16)_(10-K).txt,0.0667,0.3613,3970,47,40,96,76,3,30,38,0.0118,0.0101,0.0242,0.0191,0.0008,0.0076,0.0096,-7,0.85,54,0.0983,0.3949,118,0.0337,0.3285,2025-10-21T16:24:37.560697
0000753308,NEXTERA ENERGY INC,2023-02-17,10-K,2023,(0000753308)_(NEXTERA ENERGY INC)_(2023-02-17)_(10-K).txt,0.0527,0.3879,15181,248,110,319,242,4,70,239,0.0163,0.0072,0.021,0.0159,0.0003,0.0046,0.0157,-138,0.44,189,0.034,0.3509,246,0.0407,0.3771,2025-10-21T16:24:37.846081
0000764622,PINNACLE WEST CAPITAL CORP,2023-02-27,10-K,2023,(0000764622)_(PINNACLE WEST CAPITAL CORP)_(2023-02-27)_(10-K).txt,0.0638,0.3795,12957,192,149,259,128,11,49,116,0.0148,0.0115,0.02,0.0099,0.0008,0.0038,0.009,-43,0.78,224,0.0348,0.3589,247,0.0575,0.374,2025-10-21T16:24:37.864456
0000766421,"ALASKA AIR GROUP, INC",2023-02-13,10-K,2023,"(0000766421)_(ALASKA AIR GROUP, INC)_(2023-02-13)_(10-K).txt",0.0819,0.3979,6170,54,70,97,43,3,19,84,0.0088,0.0113,0.0157,0.007,0.0005,0.0031,0.0136,16,1.3,101,0.0623,0.3904,126,0.0672,0.4065,2025-10-21T16:24:37.751104
0000766704,WELLTOWER INC,2023-02-21,10-K,2023,(0000766704)_(WELLTOWER INC)_(2023-02-21)_(10-K).txt,0.066,0.3158,7151,162,44,107,43,0,24,60,0.0227,0.0062,0.015,0.006,0.0,0.0034,0.0084,-118,0.27,63,0.1298,0.3881,112,0.0366,0.3018,2025-10-21T16:24:37.794582
0000769397,"Autodesk, Inc",2023-03-14,10-K,2023,"(0000769397)_(Autodesk, Inc)_(2023-03-14)_(10-K).txt",0.0578,0.3414,10713,169,125,271,95,4,79,171,0.0158,0.0117,0.0253,0.0089,0.0004,0.0074,0.016,-44,0.74,175,0.0672,0.3549,152,0.0296,0.305,2025-10-21T16:24:38.010222
0000779152,JACK HENRY & ASSOCIATES INC,2023-08-24,10-K,2023,(0000779152)_(JACK HENRY & ASSOCIATES INC)_(2023-08-24)_(10-K).txt,0.0711,0.3612,4486,37,51,65,40,6,23,52,0.0082,0.0114,0.0145,0.0089,0.0013,0.0051,0.0116,14,1.38,46,0.1115,0.3978,124,0.0455,0.3576,2025-10-21T16:24:37.903704
0000783325,"WEC ENERGY GROUP, INC",2023-02-23,10-K,2023,"(0000783325)_(WEC ENERGY GROUP, INC)_(2023-02-23)_(10-K).txt",0.0518,0.3764,33375,787,289,843,747,14,390,440,0.0236,0.0087,0.0253,0.0224,0.0004,0.0117,0.0132,-498,0.37,577,0.0399,0.3778,528,0.0261,0.379,2025-10-21T16:24:38.685807
0000789019,MICROSOFT CORP,2023-07-27,10-K,2023,(0000789019)_(MICROSOFT CORP)_(2023-07-27)_(10-K).txt,0.0592,0.3285,6049,86,39,83,78,1,28,78,0.0142,0.0064,0.0137,0.0129,0.0002,0.0046,0.0129,-47,0.45,66,0.075,0.3581,129,0.0285,0.3361,2025-10-21T16:24:37.999978
0000789570,MGM Resorts International,2023-02-24,10-K,2023,(0000789570)_(MGM Resorts International)_(2023-02-24)_(10-K).txt,0.0625,0.3349,12187,239,135,188,114,9,80,157,0.0196,0.0111,0.0154,0.0094,0.0007,0.0066,0.0129,-104,0.56,102,0.04,0.3577,259,0.0648,0.3308,2025-10-21T16:24:38.187077
0000796343,ADOBE INC,2023-01-17,10-K,2023,(0000796343)_(ADOBE INC)_(2023-01-17)_(10-K).txt,0.0403,0.3897,5909,50,101,129,85,0,32,50,0.0085,0.0171,0.0218,0.0144,0.0,0.0054,0.0085,51,2.02,65,0.0246,0.4032,116,0.0297,0.3862,2025-10-21T16:24:38.137450
0000798354,FISERV INC,2023-02-23,10-K,2023,(0000798354)_(FISERV INC)_(2023-02-23)_(10-K).txt,0.0631,0.3716,6811,93,93,134,53,1,33,93,0.0137,0.0137,0.0197,0.0078,0.0001,0.0048,0.0137,0,1.0,69,0.0953,0.3922,155,0.0388,0.3854,2025-10-21T16:24:38.181104
0000804328,QUALCOMM INC DE,2023-11-01,10-K,2023,(0000804328)_(QUALCOMM INC DE)_(2023-11-01)_(10-K).txt,0.0491,0.3628,2739,77,20,64,21,3,23,29,0.0281,0.0073,0.0234,0.0077,0.0011,0.0084,0.0106,-57,0.26,43,0.0458,0.3697,54,0.0354,0.3602,2025-10-21T16:24:38.204946
0000813672,CADENCE DESIGN SYSTEMS INC,2023-02-13,10-K,2023,(0000813672)_(CADENCE DESIGN SYSTEMS INC)_(2023-02-13)_(10-K).txt,0.0565,0.3791,5355,58,48,142,46,3,32,58,0.0108,0.009,0.0265,0.0086,0.0006,0.006,0.0108,-10,0.83,66,0.0696,0.3938,115,0.0554,0.3866,2025-10-21T16:24:38.309460
0000813828,Paramount Global,2023-02-16,10-K,2023,(0000813828)_(Paramount Global)_(2023-02-16)_(10-K).txt,0.0566,0.3266,12064,434,85,164,252,4,44,127,0.036,0.007,0.0136,0.0209,0.0003,0.0036,0.0105,-349,0.2,118,0.0771,0.3898,266,0.0522,0.3177,2025-10-21T16:24:38.523380
0000814453,NEWELL BRANDS INC,2023-02-15,10-K,2023,(0000814453)_(NEWELL BRANDS INC)_(2023-02-15)_(10-K).txt,0.0616,0.3476,14194,318,141,315,112,4,76,209,0.0224,0.0099,0.0222,0.0079,0.0003,0.0054,0.0147,-177,0.44,141,0.0593,0.3795,239,0.035,0.3477,2025-10-21T16:24:38.541084
0000814547,FAIR ISAAC CORP,2023-11-08,10-K,2023,(0000814547)_(FAIR ISAAC CORP)_(2023-11-08)_(10-K).txt,0.0703,0.3894,4860,56,26,116,67,2,38,77,0.0115,0.0053,0.0239,0.0138,0.0004,0.0078,0.0158,-30,0.46,74,0.0747,0.4121,95,0.0707,0.3648,2025-10-21T16:24:38.436101
0000815556,FASTENAL CO,2023-02-07,10-K,2023,(0000815556)_(FASTENAL CO)_(2023-02-07)_(10-K).txt,0.0474,0.3321,6390,115,94,98,15,4,28,30,0.018,0.0147,0.0153,0.0023,0.0006,0.0044,0.0047,-21,0.82,49,-0.0208,0.3557,175,0.0463,0.3158,2025-10-21T16:24:38.631549
0000818479,DENTSPLY SIRONA Inc,2023-03-01,10-K,2023,(0000818479)_(DENTSPLY SIRONA Inc)_(2023-03-01)_(10-K).txt,0.0739,0.3427,7626,257,53,234,36,4,71,140,0.0337,0.0069,0.0307,0.0047,0.0005,0.0093,0.0184,-204,0.21,90,0.1004,0.3661,163,0.0382,0.3162,2025-10-21T16:24:38.705159
0000820027,AMERIPRISE FINANCIAL INC,2023-02-23,10-K,2023,(0000820027)_(AMERIPRISE FINANCIAL INC)_(2023-02-23)_(10-K).txt,0.0322,0.3112,10872,224,96,284,180,4,38,83,0.0206,0.0088,0.0261,0.0166,0.0004,0.0035,0.0076,-128,0.43,123,0.0177,0.3277,185,0.0159,0.2971,2025-10-21T16:24:38.828560
0000820313,AMPHENOL CORP DE,2023-02-08,10-K,2023,(0000820313)_(AMPHENOL CORP DE)_(2023-02-08)_(10-K).txt,0.0463,0.3548,19244,569,182,563,323,7,231,233,0.0296,0.0095,0.0293,0.0168,0.0004,0.012,0.0121,-387,0.32,216,0.0366,0.3777,399,0.0486,0.3475,2025-10-21T16:24:39.124488
0000821189,EOG RESOURCES INC,2023-02-23,10-K,2023,(0000821189)_(EOG RESOURCES INC)_(2023-02-23)_(10-K).txt,-0.0043,0.3962,10862,160,91,186,162,2,41,127,0.0147,0.0084,0.0171,0.0149,0.0002,0.0038,0.0117,-69,0.57,115,-0.0031,0.4262,214,-0.0298,0.3887,2025-10-21T16:24:38.956410
0000822416,PULTEGROUP INC MI,2023-02-06,10-K,2023,(0000822416)_(PULTEGROUP INC MI)_(2023-02-06)_(10-K).txt,0.0484,0.3562,7657,225,79,110,105,2,37,65,0.0294,0.0103,0.0144,0.0137,0.0003,0.0048,0.0085,-146,0.35,72,0.0741,0.4257,210,0.0223,0.3395,2025-10-21T16:24:38.919579
0000823768,WASTE MANAGEMENT INC,2023-02-07,10-K,2023,(0000823768)_(WASTE MANAGEMENT INC)_(2023-02-07)_(10-K).txt,0.0621,0.4045,12533,271,84,208,196,6,44,132,0.0216,0.0067,0.0166,0.0156,0.0005,0.0035,0.0105,-187,0.31,95,0.0899,0.4605,249,0.0491,0.3991,2025-10-21T16:24:39.156867
0000827052,EDISON INTERNATIONAL,2023-02-23,10-K,2023,(0000827052)_(EDISON INTERNATIONAL)_(2023-02-23)_(10-K).txt,0.0326,0.3497,61235,1689,355,1238,1345,32,430,837,0.0276,0.0058,0.0202,0.022,0.0005,0.007,0.0137,-1334,0.21,811,0.0337,0.3736,1075,0.0308,0.3444,2025-10-21T16:24:40.441776
0000829224,STARBUCKS CORP,2023-11-17,10-K,2023,(0000829224)_(STARBUCKS CORP)_(2023-11-17)_(10-K).txt,0.0571,0.3699,5364,71,62,168,23,8,36,68,0.0132,0.0116,0.0313,0.0043,0.0015,0.0067,0.0127,-9,0.87,83,0.0965,0.3732,120,0.0117,0.3811,2025-10-21T16:24:39.097607
0000833444,Johnson Controls International plc,2023-12-14,10-K,2023,(0000833444)_(Johnson Controls International plc)_(2023-12-14)_(10-K).txt,0.0389,0.323,10231,302,109,232,174,5,72,174,0.0295,0.0107,0.0227,0.017,0.0005,0.007,0.017,-193,0.36,167,0.0567,0.3678,183,0.0265,0.297,2025-10-21T16:24:39.345229
0000857005,PTC INC,2023-11-20,10-K,2023,(0000857005)_(PTC INC)_(2023-11-20)_(10-K).txt,0.0572,0.3671,6311,85,30,197,136,4,76,85,0.0135,0.0048,0.0312,0.0215,0.0006,0.012,0.0135,-55,0.35,102,0.0787,0.4316,128,0.0412,0.3511,2025-10-21T16:24:39.283963
0000858470,Coterra Energy Inc,2023-02-27,10-K,2023,(0000858470)_(Coterra Energy Inc)_(2023-02-27)_(10-K).txt,0.0621,0.4088,5149,84,37,173,48,1,44,70,0.0163,0.0072,0.0336,0.0093,0.0002,0.0085,0.0136,-47,0.44,79,0.0712,0.4103,137,0.0485,0.4051,2025-10-21T16:24:39.287013
0000858877,"CISCO SYSTEMS, INC",2023-09-07,10-K,2023,"(0000858877)_(CISCO SYSTEMS, INC)_(2023-09-07)_(10-K).txt",0.045,0.3729,7186,150,79,210,75,2,57,161,0.0209,0.011,0.0292,0.0104,0.0003,0.0079,0.0224,-71,0.53,86,0.031,0.3686,176,0.0283,0.383,2025-10-21T16:24:39.469564
0000859737,HOLOGIC INC,2023-11-21,10-K,2023,(0000859737)_(HOLOGIC INC)_(2023-11-21)_(10-K).txt,0.0642,0.398,11206,223,69,277,112,3,62,167,0.0199,0.0062,0.0247,0.01,0.0003,0.0055,0.0149,-154,0.31,124,0.0902,0.4201,275,0.0475,0.3869,2025-10-21T16:24:39.541746
0000860730,"HCA Healthcare, Inc",2023-02-17,10-K,2023,"(0000860730)_(HCA Healthcare, Inc)_(2023-02-17)_(10-K).txt",0.0316,0.3528,1289,36,5,33,14,1,8,14,0.0279,0.0039,0.0256,0.0109,0.0008,0.0062,0.0109,-31,0.14,16,0.0463,0.3673,29,0.0192,0.3408,2025-10-21T16:24:39.377482
0000860731,TYLER TECHNOLOGIES INC,2023-02-22,10-K,2023,(0000860731)_(TYLER TECHNOLOGIES INC)_(2023-02-22)_(10-K).txt,0.0514,0.364,8431,108,49,187,102,1,43,63,0.0128,0.0058,0.0222,0.0121,0.0001,0.0051,0.0075,-59,0.45,74,0.0617,0.3934,187,0.019,0.3562,2025-10-21T16:24:39.584375
0000864749,TRIMBLE INC,2023-02-17,10-K,2023,(0000864749)_(TRIMBLE INC)_(2023-02-17)_(10-K).txt,0.0556,0.3404,6427,153,72,121,34,2,29,65,0.0238,0.0112,0.0188,0.0053,0.0003,0.0045,0.0101,-81,0.47,74,0.0558,0.319,126,0.0387,0.3831,2025-10-21T16:24:39.622282
0000865752,Monster Beverage Corp,2023-03-01,10-K,2023,(0000865752)_(Monster Beverage Corp)_(2023-03-01)_(10-K).txt,0.038,0.3452,7649,206,79,213,75,1,57,104,0.0269,0.0103,0.0278,0.0098,0.0001,0.0075,0.0136,-127,0.38,64,0.0429,0.3845,153,0.0224,0.3,2025-10-21T16:24:39.726955
0000866787,AUTOZONE INC,2023-10-24,10-K,2023,(0000866787)_(AUTOZONE INC)_(2023-10-24)_(10-K).txt,0.0337,0.3047,4171,43,14,92,38,3,26,41,0.0103,0.0034,0.0221,0.0091,0.0007,0.0062,0.0098,-29,0.33,46,0.0784,0.3805,110,0.0239,0.2859,2025-10-21T16:24:39.698250
0000872589,"REGENERON PHARMACEUTICALS, INC",2023-02-06,10-K,2023,"(0000872589)_(REGENERON PHARMACEUTICALS, INC)_(2023-02-06)_(10-K).txt",0.0294,0.2738,323,6,12,14,1,0,2,1,0.0186,0.0372,0.0433,0.0031,0.0,0.0062,0.0031,6,2.0,3,0.0141,0.3256,6,0.0033,0.2219,2025-10-21T16:24:39.632737
0000874761,AES CORP,2023-03-01,10-K,2023,(0000874761)_(AES CORP)_(2023-03-01)_(10-K).txt,0.0686,0.3879,23363,694,247,399,295,3,140,355,0.0297,0.0106,0.0171,0.0126,0.0001,0.006,0.0152,-447,0.36,239,0.0901,0.437,453,0.0525,0.3749,2025-10-21T16:24:40.241334
0000874766,"HARTFORD FINANCIAL SERVICES GROUP, INC",2023-02-24,10-K,2023,"(0000874766)_(HARTFORD FINANCIAL SERVICES GROUP, INC)_(2023-02-24)_(10-K).txt",0.0657,0.3351,49793,2030,304,915,910,30,221,455,0.0408,0.0061,0.0184,0.0183,0.0006,0.0044,0.0091,-1726,0.15,502,0.0802,0.3586,764,0.0478,0.3176,2025-10-21T16:24:41.065048
0000875320,VERTEX PHARMACEUTICALS INC MA,2023-02-10,10-K,2023,(0000875320)_(VERTEX PHARMACEUTICALS INC MA)_(2023-02-10)_(10-K).txt,0.0695,0.3917,5085,48,80,117,33,2,39,57,0.0094,0.0157,0.023,0.0065,0.0004,0.0077,0.0112,32,1.67,90,0.0726,0.4053,113,0.0619,0.397,2025-10-21T16:24:39.891642
0000877212,ZEBRA TECHNOLOGIES CORP,2023-02-16,10-K,2023,(0000877212)_(ZEBRA TECHNOLOGIES CORP)_(2023-02-16)_(10-K).txt,0.0158,0.2921,3864,54,28,65,35,0,16,49,0.014,0.0072,0.0168,0.0091,0.0,0.0041,0.0127,-26,0.52,48,0.026,0.3549,90,0.0026,0.2946,2025-10-21T16:24:39.993174
0000878927,"OLD DOMINION FREIGHT LINE, INC",2023-02-22,10-K,2023,"(0000878927)_(OLD DOMINION FREIGHT LINE, INC)_(2023-02-22)_(10-K).txt",0.0401,0.403,2788,39,24,48,28,0,13,33,0.014,0.0086,0.0172,0.01,0.0,0.0047,0.0118,-15,0.62,33,0.0562,0.4078,53,0.0339,0.4051,2025-10-21T16:24:40.063207
0000879101,KIMCO REALTY CORP,2023-02-24,10-K,2023,(0000879101)_(KIMCO REALTY CORP)_(2023-02-24)_(10-K).txt,0.0631,0.3515,8852,98,89,141,71,6,40,96,0.0111,0.0101,0.0159,0.008,0.0007,0.0045,0.0108,-9,0.91,93,0.0668,0.3648,182,0.0543,0.3336,2025-10-21T16:24:40.280918
0000882095,"GILEAD SCIENCES, INC",2023-02-22,10-K,2023,"(0000882095)_(GILEAD SCIENCES, INC)_(2023-02-22)_(10-K).txt",0.0471,0.3532,3386,56,47,75,38,0,17,35,0.0165,0.0139,0.0222,0.0112,0.0,0.005,0.0103,-9,0.84,27,0.077,0.3696,74,0.0255,0.3598,2025-10-21T16:24:40.327077
0000882184,HORTON D R INC DE,2023-11-17,10-K,2023,(0000882184)_(HORTON D R INC DE)_(2023-11-17)_(10-K).txt,0.0207,0.3659,7825,153,58,144,112,1,56,116,0.0196,0.0074,0.0184,0.0143,0.0001,0.0072,0.0148,-95,0.38,89,0.051,0.3708,233,-0.0056,0.3636,2025-10-21T16:24:40.482217
0000882835,ROPER TECHNOLOGIES INC,2023-02-27,10-K,2023,(0000882835)_(ROPER TECHNOLOGIES INC)_(2023-02-27)_(10-K).txt,0.0974,0.3842,3934,88,37,66,20,1,20,65,0.0224,0.0094,0.0168,0.0051,0.0003,0.0051,0.0165,-51,0.42,47,0.1425,0.4402,124,0.0736,0.3731,2025-10-21T16:24:40.442691
0000884887,ROYAL CARIBBEAN CRUISES LTD,2023-02-23,10-K,2023,(0000884887)_(ROYAL CARIBBEAN CRUISES LTD)_(2023-02-23)_(10-K).txt,0.0497,0.3296,11245,277,93,193,75,4,37,156,0.0246,0.0083,0.0172,0.0067,0.0004,0.0033,0.0139,-184,0.34,111,0.0829,0.3408,258,0.0147,0.3367,2025-10-21T16:24:40.721782
0000885725,BOSTON SCIENTIFIC CORP,2023-02-23,10-K,2023,(0000885725)_(BOSTON SCIENTIFIC CORP)_(2023-02-23)_(10-K).txt,0.0889,0.3724,10885,247,75,274,215,9,63,170,0.0227,0.0069,0.0252,0.0198,0.0008,0.0058,0.0156,-172,0.3,111,0.0981,0.4022,166,0.0736,0.3461,2025-10-21T16:24:40.724849
0000886982,GOLDMAN SACHS GROUP INC,2023-02-24,10-K,2023,(0000886982)_(GOLDMAN SACHS GROUP INC)_(2023-02-24)_(10-K).txt,0.0562,0.3667,32880,719,231,1331,416,17,123,474,0.0219,0.007,0.0405,0.0127,0.0005,0.0037,0.0144,-488,0.32,279,0.0527,0.415,528,0.064,0.3731,2025-10-21T16:24:41.259452
0000891103,"Match Group, Inc",2023-02-24,10-K,2023,"(0000891103)_(Match Group, Inc)_(2023-02-24)_(10-K).txt",0.0673,0.3814,5818,91,45,117,37,2,28,64,0.0156,0.0077,0.0201,0.0064,0.0003,0.0048,0.011,-46,0.49,54,0.1092,0.4059,158,0.059,0.3877,2025-10-21T16:24:40.873841
0000896878,INTUIT INC,2023-09-01,10-K,2023,(0000896878)_(INTUIT INC)_(2023-09-01)_(10-K).txt,0.1187,0.3603,2399,27,19,56,3,1,14,25,0.0113,0.0079,0.0233,0.0013,0.0004,0.0058,0.0104,-8,0.7,31,0.1297,0.3545,26,0.1568,0.4234,2025-10-21T16:24:40.788191
0000898173,O REILLY AUTOMOTIVE INC,2023-02-28,10-K,2023,(0000898173)_(O REILLY AUTOMOTIVE INC)_(2023-02-28)_(10-K).txt,0.0898,0.3778,5613,59,53,98,26,4,36,74,0.0105,0.0094,0.0175,0.0046,0.0007,0.0064,0.0132,-6,0.9,48,0.0627,0.3933,102,0.0811,0.3549,2025-10-21T16:24:40.917125
0000906345,CAMDEN PROPERTY TRUST,2023-02-23,10-K,2023,(0000906345)_(CAMDEN PROPERTY TRUST)_(2023-02-23)_(10-K).txt,-0.0278,0.3897,6531,83,94,260,42,0,66,57,0.0127,0.0144,0.0398,0.0064,0.0,0.0101,0.0087,11,1.13,93,0.012,0.3763,139,-0.065,0.4062,2025-10-21T16:24:41.041948
0000910606,REGENCY CENTERS CORP,2023-02-17,10-K,2023,(0000910606)_(REGENCY CENTERS CORP)_(2023-02-17)_(10-K).txt,0.0496,0.3532,5819,89,69,81,70,1,35,68,0.0153,0.0119,0.0139,0.012,0.0002,0.006,0.0117,-20,0.78,75,0.0768,0.4243,111,0.0213,0.3106,2025-10-21T16:24:41.058668
0000912595,MID AMERICA APARTMENT COMMUNITIES INC,2023-02-14,10-K,2023,(0000912595)_(MID AMERICA APARTMENT COMMUNITIES INC)_(2023-02-14)_(10-K).txt,0.0804,0.3611,4987,59,51,84,21,1,32,42,0.0118,0.0102,0.0168,0.0042,0.0002,0.0064,0.0084,-8,0.86,59,0.071,0.3466,126,0.0768,0.3627,2025-10-21T16:24:41.168569
0000914208,Invesco Ltd,2023-02-23,10-K,2023,(0000914208)_(Invesco Ltd)_(2023-02-23)_(10-K).txt,0.0379,0.3241,12365,199,125,209,63,3,57,102,0.0161,0.0101,0.0169,0.0051,0.0002,0.0046,0.0082,-74,0.63,101,0.0768,0.3512,241,0.0101,0.3234,2025-10-21T16:24:41.413592
0000915912,AVALONBAY COMMUNITIES INC,2023-02-24,10-K,2023,(0000915912)_(AVALONBAY COMMUNITIES INC)_(2023-02-24)_(10-K).txt,0.0432,0.3295,8435,151,109,191,76,2,84,69,0.0179,0.0129,0.0226,0.009,0.0002,0.01,0.0082,-42,0.72,118,0.0564,0.3438,152,0.0123,0.3007,2025-10-21T16:24:41.263540
0000915913,ALBEMARLE CORP,2023-02-15,10-K,2023,(0000915913)_(ALBEMARLE CORP)_(2023-02-15)_(10-K).txt,0.0452,0.3576,12178,275,159,282,200,0,86,142,0.0226,0.0131,0.0232,0.0164,0.0,0.0071,0.0117,-116,0.58,182,0.0547,0.3746,193,0.0339,0.3424,2025-10-21T16:24:41.491379
0000916365,TRACTOR SUPPLY CO DE,2023-02-23,10-K,2023,(0000916365)_(TRACTOR SUPPLY CO DE)_(2023-02-23)_(10-K).txt,0.0477,0.3228,2397,12,29,28,3,0,13,17,0.005,0.0121,0.0117,0.0013,0.0,0.0054,0.0071,17,2.42,28,0.0174,0.2494,42,0.0129,0.3164,2025-10-21T16:24:41.321498
0000920148,LABORATORY CORP OF AMERICA HOLDINGS,2023-02-28,10-K,2023,(0000920148)_(LABORATORY CORP OF AMERICA HOLDINGS)_(2023-02-28)_(10-K).txt,0.0427,0.4027,4604,103,63,104,88,0,20,59,0.0224,0.0137,0.0226,0.0191,0.0,0.0043,0.0128,-40,0.61,77,0.0637,0.4004,111,0.0059,0.3986,2025-10-21T16:24:41.373609
0000920522,"ESSEX PROPERTY TRUST, INC",2023-02-23,10-K,2023,"(0000920522)_(ESSEX PROPERTY TRUST, INC)_(2023-02-23)_(10-K).txt",0.0407,0.3654,5157,102,52,138,45,2,57,43,0.0198,0.0101,0.0268,0.0087,0.0004,0.0111,0.0083,-50,0.51,73,0.0356,0.3585,87,0.0239,0.3811,2025-10-21T16:24:41.452022
0000920760,LENNAR CORP NEW,2023-01-26,10-K,2023,(0000920760)_(LENNAR CORP NEW)_(2023-01-26)_(10-K).txt,0.0324,0.3607,7604,116,79,121,73,8,46,110,0.0153,0.0104,0.0159,0.0096,0.0011,0.006,0.0145,-37,0.68,98,0.0801,0.3803,197,0.0085,0.3414,2025-10-21T16:24:41.561502
0000927066,DAVITA INC,2023-02-22,10-K,2023,(0000927066)_(DAVITA INC)_(2023-02-22)_(10-K).txt,0.0317,0.3695,13425,391,121,451,270,5,173,195,0.0291,0.009,0.0336,0.0201,0.0004,0.0129,0.0145,-270,0.31,190,0.0365,0.3873,184,0.024,0.3644,2025-10-21T16:24:41.737175
0000927628,CAPITAL ONE FINANCIAL CORP,2023-02-24,10-K,2023,(0000927628)_(CAPITAL ONE FINANCIAL CORP)_(2023-02-24)_(10-K).txt,0.0474,0.343,18092,500,79,484,155,9,60,190,0.0276,0.0044,0.0268,0.0086,0.0005,0.0033,0.0105,-421,0.16,155,0.0578,0.3406,228,0.0495,0.3413,2025-10-21T16:24:41.899412
0000935703,"DOLLAR TREE, INC",2023-03-10,10-K,2023,"(0000935703)_(DOLLAR TREE, INC)_(2023-03-10)_(10-K).txt",0.0,0.1292,46,2,0,4,0,0,3,3,0.0435,0.0,0.087,0.0,0.0,0.0652,0.0652,-2,0.0,2,0.0,0.155,0,0.0,0.0,2025-10-21T16:24:41.494768
0000936340,DTE ENERGY CO,2023-02-23,10-K,2023,(0000936340)_(DTE ENERGY CO)_(2023-02-23)_(10-K).txt,0.0532,0.389,11945,259,126,273,241,6,58,176,0.0217,0.0105,0.0229,0.0202,0.0005,0.0049,0.0147,-133,0.49,202,0.0294,0.3946,266,0.0454,0.3926,2025-10-21T16:24:41.797807
0000936468,LOCKHEED MARTIN CORP,2023-01-26,10-K,2023,(0000936468)_(LOCKHEED MARTIN CORP)_(2023-01-26)_(10-K).txt,0.0367,0.3738,11321,195,123,312,322,6,116,191,0.0172,0.0109,0.0276,0.0284,0.0005,0.0102,0.0169,-72,0.63,225,0.0515,0.379,224,-0.0005,0.3606,2025-10-21T16:24:41.840503
0000940944,DARDEN RESTAURANTS INC,2023-07-21,10-K,2023,(0000940944)_(DARDEN RESTAURANTS INC)_(2023-07-21)_(10-K).txt,0.054,0.3927,2461,37,13,75,17,5,47,47,0.015,0.0053,0.0305,0.0069,0.002,0.0191,0.0191,-24,0.35,52,0.0631,0.4382,43,0.022,0.3826,2025-10-21T16:24:41.795511
0000943452,WESTINGHOUSE AIR BRAKE TECHNOLOGIES CORP,2023-02-15,10-K,2023,(0000943452)_(WESTINGHOUSE AIR BRAKE TECHNOLOGIES CORP)_(2023-02-15)_(10-K).txt,0.0307,0.3256,8295,238,68,202,113,3,62,88,0.0287,0.0082,0.0244,0.0136,0.0004,0.0075,0.0106,-170,0.29,79,0.0285,0.3566,195,0.0276,0.3267,2025-10-21T16:24:42.017764
0000943819,RESMED INC,2023-08-11,10-K,2023,(0000943819)_(RESMED INC)_(2023-08-11)_(10-K).txt,0.0383,0.3113,6758,89,44,99,64,3,20,75,0.0132,0.0065,0.0146,0.0095,0.0004,0.003,0.0111,-45,0.49,67,0.0707,0.3729,195,0.017,0.2949,2025-10-21T16:24:41.988808
0000945841,POOL CORP,2023-02-24,10-K,2023,(0000945841)_(POOL CORP)_(2023-02-24)_(10-K).txt,0.048,0.3631,7691,132,103,168,28,7,43,95,0.0172,0.0134,0.0218,0.0036,0.0009,0.0056,0.0124,-29,0.78,121,0.0528,0.3684,184,0.0366,0.3608,2025-10-21T16:24:42.040715
0000946581,TAKE TWO INTERACTIVE SOFTWARE INC,2023-05-26,10-K,2023,(0000946581)_(TAKE TWO INTERACTIVE SOFTWARE INC)_(2023-05-26)_(10-K).txt,0.041,0.314,8229,171,56,166,115,4,59,78,0.0208,0.0068,0.0202,0.014,0.0005,0.0072,0.0095,-115,0.33,80,0.0149,0.3897,217,0.0397,0.3005,2025-10-21T16:24:42.128263
0001002047,"NetApp, Inc",2023-06-14,10-K,2023,"(0001002047)_(NetApp, Inc)_(2023-06-14)_(10-K).txt",0.0398,0.354,6124,96,50,199,63,3,70,70,0.0157,0.0082,0.0325,0.0103,0.0005,0.0114,0.0114,-46,0.52,89,0.0799,0.4152,128,0.0206,0.3411,2025-10-21T16:24:42.135870
0001004980,PG&E Corp,2023-02-23,10-K,2023,(0001004980)_(PG&E Corp)_(2023-02-23)_(10-K).txt,0.0244,0.3965,17181,378,96,460,415,4,163,255,0.022,0.0056,0.0268,0.0242,0.0002,0.0095,0.0148,-282,0.25,272,0.023,0.3919,325,0.0201,0.3937,2025-10-21T16:24:42.422606
0001012100,SEALED AIR CORP DE,2023-02-21,10-K,2023,(0001012100)_(SEALED AIR CORP DE)_(2023-02-21)_(10-K).txt,0.0544,0.331,18313,455,182,404,267,5,106,214,0.0248,0.0099,0.0221,0.0146,0.0003,0.0058,0.0117,-273,0.4,239,0.061,0.3449,449,0.0395,0.3197,2025-10-21T16:24:42.507184
0001013462,ANSYS INC,2023-02-22,10-K,2023,(0001013462)_(ANSYS INC)_(2023-02-22)_(10-K).txt,0.0498,0.326,8696,66,101,173,96,6,37,67,0.0076,0.0116,0.0199,0.011,0.0007,0.0043,0.0077,35,1.53,108,0.0876,0.3082,190,0.0321,0.3321,2025-10-21T16:24:42.322575
0001013871,"NRG ENERGY, INC",2023-02-23,10-K,2023,"(0001013871)_(NRG ENERGY, INC)_(2023-02-23)_(10-K).txt",0.0492,0.359,11331,203,72,187,179,2,52,154,0.0179,0.0064,0.0165,0.0158,0.0002,0.0046,0.0136,-131,0.35,108,0.0529,0.3465,182,0.0417,0.3633,2025-10-21T16:24:42.413410
0001035002,VALERO ENERGY CORP TX,2023-02-23,10-K,2023,(0001035002)_(VALERO ENERGY CORP TX)_(2023-02-23)_(10-K).txt,-0.0044,0.3646,6547,122,38,132,65,2,42,86,0.0186,0.0058,0.0202,0.0099,0.0003,0.0064,0.0131,-84,0.31,75,0.0042,0.3903,99,-0.0408,0.3635,2025-10-21T16:24:42.502787
0001035267,INTUITIVE SURGICAL INC,2023-02-10,10-K,2023,(0001035267)_(INTUITIVE SURGICAL INC)_(2023-02-10)_(10-K).txt,0.043,0.3881,11966,223,97,326,107,5,93,111,0.0186,0.0081,0.0272,0.0089,0.0004,0.0078,0.0093,-126,0.43,161,0.0581,0.4163,326,0.0196,0.3824,2025-10-21T16:24:42.725369
0001035443,"ALEXANDRIA REAL ESTATE EQUITIES, INC",2023-01-30,10-K,2023,"(0001035443)_(ALEXANDRIA REAL ESTATE EQUITIES, INC)_(2023-01-30)_(10-K).txt",0.056,0.3725,42758,1492,562,1289,498,35,818,599,0.0349,0.0131,0.0301,0.0116,0.0008,0.0191,0.014,-930,0.38,841,0.0524,0.3836,536,0.0502,0.3636,2025-10-21T16:24:43.438111
0001037038,RALPH LAUREN CORP,2023-05-25,10-K,2023,(0001037038)_(RALPH LAUREN CORP)_(2023-05-25)_(10-K).txt,0.0346,0.3169,19927,566,184,423,164,3,79,267,0.0284,0.0092,0.0212,0.0082,0.0002,0.004,0.0134,-382,0.33,180,0.0418,0.3527,487,0.0261,0.3029,2025-10-21T16:24:43.010505
0001037540,BOSTON PROPERTIES INC,2023-02-27,10-K,2023,(0001037540)_(BOSTON PROPERTIES INC)_(2023-02-27)_(10-K).txt,0.0064,0.3553,16696,262,195,565,113,4,89,169,0.0157,0.0117,0.0338,0.0068,0.0002,0.0053,0.0101,-67,0.74,173,0.0425,0.3719,342,-0.0137,0.3539,2025-10-21T16:24:42.944400
0001037646,METTLER TOLEDO INTERNATIONAL INC,2023-02-10,10-K,2023,(0001037646)_(METTLER TOLEDO INTERNATIONAL INC)_(2023-02-10)_(10-K).txt,0.0615,0.3306,5442,76,107,129,30,1,35,46,0.014,0.0197,0.0237,0.0055,0.0002,0.0064,0.0085,31,1.41,95,0.0458,0.3582,142,0.0863,0.3341,2025-10-21T16:24:42.874292
0001038357,PIONEER NATURAL RESOURCES CO,2023-02-23,10-K,2023,(0001038357)_(PIONEER NATURAL RESOURCES CO)_(2023-02-23)_(10-K).txt,0.0418,0.3473,11095,189,98,182,172,0,65,118,0.017,0.0088,0.0164,0.0155,0.0,0.0059,0.0106,-91,0.52,113,0.0459,0.3721,183,0.0217,0.3559,2025-10-21T16:24:43.151794
0001039684,ONEOK INC NEW,2023-02-28,10-K,2023,(0001039684)_(ONEOK INC NEW)_(2023-02-28)_(10-K).txt,0.0503,0.3521,5997,157,40,122,61,1,43,56,0.0262,0.0067,0.0203,0.0102,0.0002,0.0072,0.0093,-117,0.25,77,0.036,0.3977,94,0.0501,0.326,2025-10-21T16:24:43.103078
0001041061,YUM BRANDS INC,2023-02-27,10-K,2023,(0001041061)_(YUM BRANDS INC)_(2023-02-27)_(10-K).txt,0.0591,0.3384,8975,196,77,176,78,2,35,81,0.0218,0.0086,0.0196,0.0087,0.0002,0.0039,0.009,-119,0.39,131,0.0714,0.3261,218,0.0502,0.3452,2025-10-21T16:24:43.246919
0001043604,JUNIPER NETWORKS INC,2023-02-10,10-K,2023,(0001043604)_(JUNIPER NETWORKS INC)_(2023-02-10)_(10-K).txt,0.0355,0.3231,6422,97,55,109,61,0,27,108,0.0151,0.0086,0.017,0.0095,0.0,0.0042,0.0168,-42,0.57,81,0.0337,0.3488,135,0.0302,0.3041,2025-10-21T16:24:43.261864
0001045810,NVIDIA CORP,2023-02-24,10-K,2023,(0001045810)_(NVIDIA CORP)_(2023-02-24)_(10-K).txt,0.0451,0.3408,7617,122,49,108,36,5,51,94,0.016,0.0064,0.0142,0.0047,0.0007,0.0067,0.0123,-73,0.4,92,0.0526,0.3778,177,0.0302,0.3311,2025-10-21T16:24:43.324030
0001048286,MARRIOTT INTERNATIONAL INC MD,2023-02-14,10-K,2023,(0001048286)_(MARRIOTT INTERNATIONAL INC MD)_(2023-02-14)_(10-K).txt,0.0528,0.3562,3470,71,46,61,22,1,21,41,0.0205,0.0133,0.0176,0.0063,0.0003,0.0061,0.0118,-25,0.65,30,0.0929,0.4319,46,0.0356,0.3506,2025-10-21T16:24:43.336823
0001048695,"F5, INC",2023-11-14,10-K,2023,"(0001048695)_(F5, INC)_(2023-11-14)_(10-K).txt",0.0222,0.3171,5668,69,27,89,58,0,25,42,0.0122,0.0048,0.0157,0.0102,0.0,0.0044,0.0074,-42,0.39,45,0.0637,0.3424,177,0.0032,0.3236,2025-10-21T16:24:43.400324
0001048911,FEDEX CORP,2023-07-17,10-K,2023,(0001048911)_(FEDEX CORP)_(2023-07-17)_(10-K).txt,0.0242,0.3435,9314,227,95,223,82,7,87,88,0.0244,0.0102,0.0239,0.0088,0.0008,0.0093,0.0094,-132,0.42,136,0.0483,0.3803,174,-0.0177,0.3377,2025-10-21T16:24:43.557330
0001050915,"QUANTA SERVICES, INC",2023-02-23,10-K,2023,"(0001050915)_(QUANTA SERVICES, INC)_(2023-02-23)_(10-K).txt",0.0521,0.3516,6911,149,53,175,91,3,40,126,0.0216,0.0077,0.0253,0.0132,0.0004,0.0058,0.0182,-96,0.36,88,0.0533,0.38,141,0.0568,0.3651,2025-10-21T16:24:43.496233
0001051470,CROWN CASTLE INC,2023-02-24,10-K,2023,(0001051470)_(CROWN CASTLE INC)_(2023-02-24)_(10-K).txt,0.0506,0.3414,11614,111,94,212,107,3,41,163,0.0096,0.0081,0.0183,0.0092,0.0003,0.0035,0.014,-17,0.85,131,0.0469,0.3937,157,0.0469,0.3819,2025-10-21T16:24:43.681901
0001053507,AMERICAN TOWER CORP MA,2023-02-23,10-K,2023,(0001053507)_(AMERICAN TOWER CORP MA)_(2023-02-23)_(10-K).txt,0.0351,0.3905,10627,181,70,244,85,9,87,171,0.017,0.0066,0.023,0.008,0.0008,0.0082,0.0161,-111,0.39,135,0.0417,0.4135,208,0.0255,0.3766,2025-10-21T16:24:43.711010
0001057352,"COSTAR GROUP, INC",2023-02-22,10-K,2023,"(0001057352)_(COSTAR GROUP, INC)_(2023-02-22)_(10-K).txt",0.0544,0.3806,16133,778,211,717,240,10,510,200,0.0482,0.0131,0.0444,0.0149,0.0006,0.0316,0.0124,-567,0.27,399,0.0595,0.3983,227,0.0298,0.3668,2025-10-21T16:24:43.875190
0001058090,CHIPOTLE MEXICAN GRILL INC,2023-02-09,10-K,2023,(0001058090)_(CHIPOTLE MEXICAN GRILL INC)_(2023-02-09)_(10-K).txt,0.0438,0.4159,3173,54,22,87,32,0,29,34,0.017,0.0069,0.0274,0.0101,0.0,0.0091,0.0107,-32,0.41,54,0.0439,0.4195,71,0.0251,0.433,2025-10-21T16:24:43.643809
0001058290,COGNIZANT TECHNOLOGY SOLUTIONS CORP,2023-02-15,10-K,2023,(0001058290)_(COGNIZANT TECHNOLOGY SOLUTIONS CORP)_(2023-02-15)_(10-K).txt,0.072,0.3646,19784,741,355,590,434,13,344,224,0.0375,0.0179,0.0298,0.0219,0.0007,0.0174,0.0113,-386,0.48,293,0.0634,0.3919,289,0.0621,0.3643,2025-10-21T16:24:44.129112
0001060391,"REPUBLIC SERVICES, INC",2023-02-23,10-K,2023,"(0001060391)_(REPUBLIC SERVICES, INC)_(2023-02-23)_(10-K).txt",0.0192,0.3475,13203,309,91,300,168,9,113,222,0.0234,0.0069,0.0227,0.0127,0.0007,0.0086,0.0168,-218,0.29,183,0.0178,0.3779,325,0.0111,0.3484,2025-10-21T16:24:44.021451
0001063761,SIMON PROPERTY GROUP INC DE,2023-02-23,10-K,2023,(0001063761)_(SIMON PROPERTY GROUP INC DE)_(2023-02-23)_(10-K).txt,0.0306,0.3626,10122,158,133,152,56,5,51,92,0.0156,0.0131,0.015,0.0055,0.0005,0.005,0.0091,-25,0.84,85,0.0228,0.4052,249,0.0227,0.3517,2025-10-21T16:24:43.964324
0001065280,NETFLIX INC,2023-01-26,10-K,2023,(0001065280)_(NETFLIX INC)_(2023-01-26)_(10-K).txt,0.0665,0.3621,3912,34,29,75,15,0,29,43,0.0087,0.0074,0.0192,0.0038,0.0,0.0074,0.011,-5,0.85,40,0.083,0.3678,84,0.042,0.3682,2025-10-21T16:24:43.970242
0001065696,LKQ CORP,2023-02-23,10-K,2023,(0001065696)_(LKQ CORP)_(2023-02-23)_(10-K).txt,0.027,0.3345,16852,399,213,213,61,1,77,142,0.0237,0.0126,0.0126,0.0036,0.0001,0.0046,0.0084,-186,0.53,122,0.0444,0.3893,432,0.0171,0.3328,2025-10-21T16:24:44.402001
0001067701,"UNITED RENTALS, INC",2023-01-25,10-K,2023,"(0001067701)_(UNITED RENTALS, INC)_(2023-01-25)_(10-K).txt",0.0665,0.3697,12516,205,167,283,72,3,76,136,0.0164,0.0133,0.0226,0.0058,0.0002,0.0061,0.0109,-38,0.81,158,0.0572,0.3437,326,0.0683,0.3744,2025-10-21T16:24:44.302580
0001067983,BERKSHIRE HATHAWAY INC,2023-02-27,10-K,2023,(0001067983)_(BERKSHIRE HATHAWAY INC)_(2023-02-27)_(10-K).txt,0.0509,0.4136,12371,593,115,258,252,3,47,76,0.0479,0.0093,0.0209,0.0204,0.0002,0.0038,0.0061,-478,0.19,134,0.0591,0.4407,408,0.0312,0.419,2025-10-21T16:24:44.330008
0001070750,"HOST HOTELS & RESORTS, INC",2023-02-22,10-K,2023,"(0001070750)_(HOST HOTELS & RESORTS, INC)_(2023-02-22)_(10-K).txt",0.0234,0.3723,11209,217,142,195,96,3,52,124,0.0194,0.0127,0.0174,0.0086,0.0003,0.0046,0.0111,-75,0.65,142,0.0459,0.3628,175,0.0021,0.3556,2025-10-21T16:24:44.442616
0001071739,CENTENE CORP,2023-02-21,10-K,2023,(0001071739)_(CENTENE CORP)_(2023-02-21)_(10-K).txt,0.0848,0.3723,8917,198,102,184,205,14,46,128,0.0222,0.0114,0.0206,0.023,0.0016,0.0052,0.0144,-96,0.52,113,0.1073,0.4063,237,0.0659,0.3504,2025-10-21T16:24:44.525415
0001075531,Booking Holdings Inc,2023-02-23,10-K,2023,(0001075531)_(Booking Holdings Inc)_(2023-02-23)_(10-K).txt,0.0596,0.3647,13029,245,133,310,163,1,95,165,0.0188,0.0102,0.0238,0.0125,0.0001,0.0073,0.0127,-112,0.54,136,0.1021,0.4235,294,0.0386,0.3662,2025-10-21T16:24:44.676390
0001086222,AKAMAI TECHNOLOGIES INC,2023-02-28,10-K,2023,(0001086222)_(AKAMAI TECHNOLOGIES INC)_(2023-02-28)_(10-K).txt,0.0605,0.3546,8042,134,101,162,74,1,53,80,0.0167,0.0126,0.0201,0.0092,0.0001,0.0066,0.0099,-33,0.75,109,0.0789,0.3731,163,0.0481,0.3469,2025-10-21T16:24:44.609229
0001090727,UNITED PARCEL SERVICE INC,2023-02-21,10-K,2023,(0001090727)_(UNITED PARCEL SERVICE INC)_(2023-02-21)_(10-K).txt,0.0611,0.3538,13435,292,126,301,87,5,102,179,0.0217,0.0094,0.0224,0.0065,0.0004,0.0076,0.0133,-166,0.43,208,0.075,0.3466,327,0.0211,0.3597,2025-10-21T16:24:44.818496
0001090872,"AGILENT TECHNOLOGIES, INC",2023-12-20,10-K,2023,"(0001090872)_(AGILENT TECHNOLOGIES, INC)_(2023-12-20)_(10-K).txt",0.0413,0.3799,11058,255,133,226,101,9,59,137,0.0231,0.012,0.0204,0.0091,0.0008,0.0053,0.0124,-122,0.52,153,0.0419,0.3745,407,0.0336,0.3812,2025-10-21T16:24:44.837332
0001091667,"CHARTER COMMUNICATIONS, INC. MO",2023-01-27,10-K,2023,"(0001091667)_(CHARTER COMMUNICATIONS, INC. MO)_(2023-01-27)_(10-K).txt",0.0229,0.3588,5260,50,31,84,24,0,25,35,0.0095,0.0059,0.016,0.0046,0.0,0.0048,0.0067,-19,0.62,57,0.0564,0.3943,118,-0.0116,0.3556,2025-10-21T16:24:44.759188
0001094285,TELEDYNE TECHNOLOGIES INC,2023-02-24,10-K,2023,(0001094285)_(TELEDYNE TECHNOLOGIES INC)_(2023-02-24)_(10-K).txt,0.0512,0.3449,10207,308,107,364,180,5,150,117,0.0302,0.0105,0.0357,0.0176,0.0005,0.0147,0.0115,-201,0.35,171,0.0529,0.3692,220,0.0544,0.345,2025-10-21T16:24:44.926372
0001097149,ALIGN TECHNOLOGY INC,2023-02-27,10-K,2023,(0001097149)_(ALIGN TECHNOLOGY INC)_(2023-02-27)_(10-K).txt,0.0438,0.3307,4966,85,45,114,44,2,42,62,0.0171,0.0091,0.023,0.0089,0.0004,0.0085,0.0125,-40,0.53,75,0.0397,0.3514,98,0.0269,0.3085,2025-10-21T16:24:44.895493
0001097864,ON SEMICONDUCTOR CORP,2023-02-06,10-K,2023,(0001097864)_(ON SEMICONDUCTOR CORP)_(2023-02-06)_(10-K).txt,0.0704,0.3702,8518,150,84,181,76,1,46,120,0.0176,0.0099,0.0212,0.0089,0.0001,0.0054,0.0141,-66,0.56,85,0.0672,0.3597,209,0.0691,0.3871,2025-10-21T16:24:45.036611
0001100682,"CHARLES RIVER LABORATORIES INTERNATIONAL, INC",2023-02-22,10-K,2023,"(0001100682)_(CHARLES RIVER LABORATORIES INTERNATIONAL, INC)_(2023-02-22)_(10-K).txt",0.057,0.3703,6363,104,85,172,73,1,39,79,0.0163,0.0134,0.027,0.0115,0.0002,0.0061,0.0124,-19,0.82,83,0.0708,0.3767,154,0.0353,0.376,2025-10-21T16:24:44.993344
0001101239,EQUINIX INC,2023-02-17,10-K,2023,(0001101239)_(EQUINIX INC)_(2023-02-17)_(10-K).txt,0.0412,0.3498,10915,144,104,284,92,1,87,105,0.0132,0.0095,0.026,0.0084,0.0001,0.008,0.0096,-40,0.72,146,0.0581,0.341,238,0.0188,0.3588,2025-10-21T16:24:45.173092
0001103982,"Mondelez International, Inc",2023-02-03,10-K,2023,"(0001103982)_(Mondelez International, Inc)_(2023-02-03)_(10-K).txt",0.0774,0.3264,22082,486,347,370,189,8,76,264,0.022,0.0157,0.0168,0.0086,0.0004,0.0034,0.012,-139,0.71,213,0.0914,0.3787,422,0.0573,0.3104,2025-10-21T16:24:45.484973
0001108524,"Salesforce, Inc",2023-03-08,10-K,2023,"(0001108524)_(Salesforce, Inc)_(2023-03-08)_(10-K).txt",0.0501,0.3965,7272,104,64,205,91,2,86,105,0.0143,0.0088,0.0282,0.0125,0.0003,0.0118,0.0144,-40,0.62,127,0.0834,0.3717,150,0.0189,0.4065,2025-10-21T16:24:45.170631
0001109357,EXELON CORP,2023-02-14,10-K,2023,(0001109357)_(EXELON CORP)_(2023-02-14)_(10-K).txt,0.0447,0.3484,22818,264,176,407,408,7,105,362,0.0116,0.0077,0.0178,0.0179,0.0003,0.0046,0.0159,-88,0.67,280,0.0377,0.3787,413,0.0316,0.339,2025-10-21T16:24:45.593206
0001111711,NISOURCE INC,2023-02-22,10-K,2023,(0001111711)_(NISOURCE INC)_(2023-02-22)_(10-K).txt,0.0544,0.36,4801,48,24,165,91,1,36,86,0.01,0.005,0.0344,0.019,0.0002,0.0075,0.0179,-24,0.5,90,0.0295,0.369,70,0.0762,0.3774,2025-10-21T16:24:45.290153
0001116132,"TAPESTRY, INC",2023-08-17,10-K,2023,"(0001116132)_(TAPESTRY, INC)_(2023-08-17)_(10-K).txt",0.0508,0.3349,7855,138,72,188,40,2,63,111,0.0176,0.0092,0.0239,0.0051,0.0003,0.008,0.0141,-66,0.52,129,0.0508,0.3393,178,0.025,0.3007,2025-10-21T16:24:45.363073
0001120193,"NASDAQ, INC",2023-02-23,10-K,2023,"(0001120193)_(NASDAQ, INC)_(2023-02-23)_(10-K).txt",0.0986,0.3854,9233,186,43,117,253,4,29,125,0.0201,0.0047,0.0127,0.0274,0.0004,0.0031,0.0135,-143,0.23,84,0.0864,0.386,132,0.1037,0.3984,2025-10-21T16:24:45.514080
0001121788,GARMIN LTD,2023-02-22,10-K,2023,(0001121788)_(GARMIN LTD)_(2023-02-22)_(10-K).txt,0.0504,0.3598,3231,44,30,65,15,3,21,36,0.0136,0.0093,0.0201,0.0046,0.0009,0.0065,0.0111,-14,0.68,33,0.0638,0.4076,87,0.0248,0.343,2025-10-21T16:24:45.460931
0001130310,CENTERPOINT ENERGY INC,2023-02-17,10-K,2023,(0001130310)_(CENTERPOINT ENERGY INC)_(2023-02-17)_(10-K).txt,0.0364,0.3621,19201,395,174,414,302,4,179,239,0.0206,0.0091,0.0216,0.0157,0.0002,0.0093,0.0124,-221,0.44,278,0.0194,0.3622,260,0.0341,0.3783,2025-10-21T16:24:45.936196
0001133421,NORTHROP GRUMMAN CORP DE,2023-01-26,10-K,2023,(0001133421)_(NORTHROP GRUMMAN CORP DE)_(2023-01-26)_(10-K).txt,0.0672,0.3703,8109,176,65,209,125,4,47,97,0.0217,0.008,0.0258,0.0154,0.0005,0.0058,0.012,-111,0.37,121,0.0735,0.3707,144,0.0482,0.3493,2025-10-21T16:24:45.694134
0001136869,"ZIMMER BIOMET HOLDINGS, INC",2023-02-24,10-K,2023,"(0001136869)_(ZIMMER BIOMET HOLDINGS, INC)_(2023-02-24)_(10-K).txt",0.0472,0.3369,4880,148,50,101,55,3,31,44,0.0303,0.0102,0.0207,0.0113,0.0006,0.0064,0.009,-98,0.34,72,0.0677,0.3715,133,0.0313,0.3297,2025-10-21T16:24:45.645032
0001136893,"Fidelity National Information Services, Inc",2023-02-27,10-K,2023,"(0001136893)_(Fidelity National Information Services, Inc)_(2023-02-27)_(10-K).txt",0.0625,0.3384,9844,155,136,239,73,4,53,151,0.0157,0.0138,0.0243,0.0074,0.0004,0.0054,0.0153,-19,0.88,148,0.0667,0.3436,168,0.06,0.3576,2025-10-21T16:24:45.845624
0001137789,Seagate Technology Holdings plc,2023-08-04,10-K,2023,(0001137789)_(Seagate Technology Holdings plc)_(2023-08-04)_(10-K).txt,0.0169,0.3517,3429,88,16,84,58,1,19,63,0.0257,0.0047,0.0245,0.0169,0.0003,0.0055,0.0184,-72,0.18,60,0.0179,0.3595,61,-0.0083,0.3483,2025-10-21T16:24:45.732424
0001138118,"CBRE GROUP, INC",2023-02-27,10-K,2023,"(0001138118)_(CBRE GROUP, INC)_(2023-02-27)_(10-K).txt",0.0599,0.365,8711,151,88,198,94,3,63,119,0.0173,0.0101,0.0227,0.0108,0.0003,0.0072,0.0137,-63,0.58,105,0.0721,0.3979,211,0.0476,0.3561,2025-10-21T16:24:45.943905
0001140536,WILLIS TOWERS WATSON PLC,2023-02-24,10-K,2023,(0001140536)_(WILLIS TOWERS WATSON PLC)_(2023-02-24)_(10-K).txt,0.047,0.3586,4185,107,33,101,73,2,24,55,0.0256,0.0079,0.0241,0.0174,0.0005,0.0057,0.0131,-74,0.31,79,0.0509,0.3895,73,0.0355,0.3502,2025-10-21T16:24:45.834911
0001140859,"Cencora, Inc",2023-11-21,10-K,2023,"(0001140859)_(Cencora, Inc)_(2023-11-21)_(10-K).txt",0.0489,0.3516,6787,176,66,169,102,2,59,77,0.0259,0.0097,0.0249,0.015,0.0003,0.0087,0.0113,-110,0.38,71,0.0604,0.3809,175,0.0282,0.3088,2025-10-21T16:24:46.000273
0001141197,PEDEVCO CORP,2023-03-29,10-K,2023,(0001141197)_(PEDEVCO CORP)_(2023-03-29)_(10-K).txt,0.02,0.3568,3185,37,35,76,22,1,25,23,0.0116,0.011,0.0239,0.0069,0.0003,0.0078,0.0072,-2,0.95,42,0.0604,0.3737,73,-0.0132,0.3452,2025-10-21T16:24:45.922306
0001141391,Mastercard Inc,2023-02-14,10-K,2023,(0001141391)_(Mastercard Inc)_(2023-02-14)_(10-K).txt,0.1091,0.4548,257,3,2,17,4,0,5,2,0.0117,0.0078,0.0661,0.0156,0.0,0.0195,0.0078,-1,0.67,9,0.0563,0.4238,4,0.1172,0.4224,2025-10-21T16:24:45.931223
0001156039,"Elevance Health, Inc",2023-02-15,10-K,2023,"(0001156039)_(Elevance Health, Inc)_(2023-02-15)_(10-K).txt",0.1269,0.3317,581,6,2,12,2,0,0,1,0.0103,0.0034,0.0207,0.0034,0.0,0.0,0.0017,-4,0.33,5,0.2269,0.525,9,0.2425,0.4532,2025-10-21T16:24:45.945968
0001156375,CME GROUP INC,2023-02-27,10-K,2023,(0001156375)_(CME GROUP INC)_(2023-02-27)_(10-K).txt,0.0406,0.3651,7140,75,63,185,140,3,51,96,0.0105,0.0088,0.0259,0.0196,0.0004,0.0071,0.0134,-12,0.84,95,0.0818,0.4103,101,0.0259,0.3416,2025-10-21T16:24:46.105992
0001158449,ADVANCE AUTO PARTS INC,2023-02-28,10-K,2023,(0001158449)_(ADVANCE AUTO PARTS INC)_(2023-02-28)_(10-K).txt,0.0429,0.3706,7479,345,126,309,117,2,211,93,0.0461,0.0168,0.0413,0.0156,0.0003,0.0282,0.0124,-219,0.37,152,0.0326,0.3926,112,0.0492,0.3377,2025-10-21T16:24:46.140626
0001164727,NEWMONT Corp DE,2023-02-23,10-K,2023,(0001164727)_(NEWMONT Corp DE)_(2023-02-23)_(10-K).txt,0.0349,0.3317,29594,634,233,481,394,8,142,312,0.0214,0.0079,0.0163,0.0133,0.0003,0.0048,0.0105,-401,0.37,357,0.0333,0.344,618,0.028,0.3454,2025-10-21T16:24:46.719820
0001170010,CARMAX INC,2023-04-13,10-K,2023,(0001170010)_(CARMAX INC)_(2023-04-13)_(10-K).txt,0.0296,0.3322,10066,264,119,214,140,2,90,74,0.0262,0.0118,0.0213,0.0139,0.0002,0.0089,0.0074,-145,0.45,116,0.0407,0.3096,205,-0.0098,0.3436,2025-10-21T16:24:46.253245
0001174922,WYNN RESORTS LTD,2023-02-27,10-K,2023,(0001174922)_(WYNN RESORTS LTD)_(2023-02-27)_(10-K).txt,0.063,0.3714,7868,102,91,111,58,1,39,112,0.013,0.0116,0.0141,0.0074,0.0001,0.005,0.0142,-11,0.89,100,0.0576,0.3526,145,0.0598,0.3869,2025-10-21T16:24:46.307996
0001260221,TransDigm Group INC,2023-11-09,10-K,2023,(0001260221)_(TransDigm Group INC)_(2023-11-09)_(10-K).txt,0.0382,0.3343,8856,117,111,174,94,2,31,108,0.0132,0.0125,0.0196,0.0106,0.0002,0.0035,0.0122,-6,0.95,106,0.0336,0.3658,185,0.0361,0.3339,2025-10-21T16:24:46.350763
0001262039,"Fortinet, Inc",2023-02-24,10-K,2023,"(0001262039)_(Fortinet, Inc)_(2023-02-24)_(10-K).txt",0.0573,0.3719,7096,90,74,112,73,0,42,62,0.0127,0.0104,0.0158,0.0103,0.0,0.0059,0.0087,-16,0.82,67,0.0344,0.3548,146,0.0519,0.372,2025-10-21T16:24:46.415428
0001267238,"ASSURANT, INC",2023-02-17,10-K,2023,"(0001267238)_(ASSURANT, INC)_(2023-02-17)_(10-K).txt",0.0629,0.3057,10535,339,119,179,119,12,57,100,0.0322,0.0113,0.017,0.0113,0.0011,0.0054,0.0095,-220,0.35,99,0.0894,0.3531,248,0.0487,0.3012,2025-10-21T16:24:46.551842
0001274494,"FIRST SOLAR, INC",2023-02-28,10-K,2023,"(0001274494)_(FIRST SOLAR, INC)_(2023-02-28)_(10-K).txt",0.0445,0.355,6599,108,76,173,77,7,81,85,0.0164,0.0115,0.0262,0.0117,0.0011,0.0123,0.0129,-32,0.7,134,0.0405,0.3787,94,0.0329,0.3178,2025-10-21T16:24:46.501318
0001278021,MARKETAXESS HOLDINGS INC,2023-02-22,10-K,2023,(0001278021)_(MARKETAXESS HOLDINGS INC)_(2023-02-22)_(10-K).txt,0.0365,0.3583,5850,68,63,149,105,3,42,78,0.0116,0.0108,0.0255,0.0179,0.0005,0.0072,0.0133,-5,0.93,84,0.0537,0.3584,119,0.02,0.3589,2025-10-21T16:24:46.552499
0001280452,MONOLITHIC POWER SYSTEMS INC,2023-02-24,10-K,2023,(0001280452)_(MONOLITHIC POWER SYSTEMS INC)_(2023-02-24)_(10-K).txt,0.0511,0.3528,3368,55,34,99,47,1,35,47,0.0163,0.0101,0.0294,0.014,0.0003,0.0104,0.014,-21,0.62,47,0.0615,0.3636,92,0.0334,0.3375,2025-10-21T16:24:46.585778
0001283699,"T-Mobile US, Inc",2023-02-14,10-K,2023,"(0001283699)_(T-Mobile US, Inc)_(2023-02-14)_(10-K).txt",0.0372,0.3577,10014,187,69,119,137,3,35,123,0.0187,0.0069,0.0119,0.0137,0.0003,0.0035,0.0123,-118,0.37,94,0.027,0.374,212,0.0335,0.3639,2025-10-21T16:24:46.807843
0001285785,MOSAIC CO,2023-02-23,10-K,2023,(0001285785)_(MOSAIC CO)_(2023-02-23)_(10-K).txt,0.0,0.0,35,0,0,0,1,0,0,0,0.0,0.0,0.0,0.0286,0.0,0.0,0.0,0,,0,0.0,0.0,0,0.0,0.0,2025-10-21T16:24:46.558290
0001286681,DOMINOS PIZZA INC,2023-02-23,10-K,2023,(0001286681)_(DOMINOS PIZZA INC)_(2023-02-23)_(10-K).txt,0.0431,0.3331,6072,96,56,152,27,3,42,46,0.0158,0.0092,0.025,0.0044,0.0005,0.0069,0.0076,-40,0.58,56,0.0708,0.3425,172,0.0286,0.3392,2025-10-21T16:24:46.714320
0001289490,Extra Space Storage Inc,2023-02-28,10-K,2023,(0001289490)_(Extra Space Storage Inc)_(2023-02-28)_(10-K).txt,0.0609,0.3719,5068,56,53,115,19,3,56,57,0.011,0.0105,0.0227,0.0037,0.0006,0.011,0.0112,-3,0.95,63,0.0628,0.3874,139,0.0496,0.3761,2025-10-21T16:24:46.705270
0001297996,"DIGITAL REALTY TRUST, INC",2023-02-27,10-K,2023,"(0001297996)_(DIGITAL REALTY TRUST, INC)_(2023-02-27)_(10-K).txt",0.0084,0.3669,7160,49,103,134,44,1,54,73,0.0068,0.0144,0.0187,0.0061,0.0001,0.0075,0.0102,54,2.1,98,0.0115,0.3781,107,-0.0071,0.3706,2025-10-21T16:24:46.895255
0001300514,LAS VEGAS SANDS CORP,2023-02-03,10-K,2023,(0001300514)_(LAS VEGAS SANDS CORP)_(2023-02-03)_(10-K).txt,0.0547,0.3693,4247,81,29,101,70,1,33,83,0.0191,0.0068,0.0238,0.0165,0.0002,0.0078,0.0195,-52,0.36,62,0.0567,0.3827,70,0.059,0.3728,2025-10-21T16:24:46.813639
0001306830,Celanese Corp,2023-02-24,10-K,2023,(0001306830)_(Celanese Corp)_(2023-02-24)_(10-K).txt,0.0427,0.369,16257,650,169,632,360,7,330,293,0.04,0.0104,0.0389,0.0221,0.0004,0.0203,0.018,-481,0.26,291,0.0399,0.3915,276,0.0491,0.367,2025-10-21T16:24:47.154344
0001318605,"Tesla, Inc",2023-01-31,10-K,2023,"(0001318605)_(Tesla, Inc)_(2023-01-31)_(10-K).txt",0.0265,0.3693,5633,67,68,95,75,4,44,60,0.0119,0.0121,0.0169,0.0133,0.0007,0.0078,0.0107,1,1.01,81,0.0394,0.3585,122,0.0093,0.3793,2025-10-21T16:24:46.962937
0001324424,"Expedia Group, Inc",2023-02-10,10-K,2023,"(0001324424)_(Expedia Group, Inc)_(2023-02-10)_(10-K).txt",0.0661,0.3723,14905,294,167,345,263,7,103,156,0.0197,0.0112,0.0231,0.0176,0.0005,0.0069,0.0105,-127,0.57,195,0.0615,0.4033,283,0.0603,0.3777,2025-10-21T16:24:47.192608
0001326160,Duke Energy CORP,2023-02-27,10-K,2023,(0001326160)_(Duke Energy CORP)_(2023-02-27)_(10-K).txt,0.0537,0.3612,22436,375,304,460,392,0,116,316,0.0167,0.0135,0.0205,0.0175,0.0,0.0052,0.0141,-71,0.81,260,0.052,0.3832,413,0.0399,0.3694,2025-10-21T16:24:47.406102
0001326801,"Meta Platforms, Inc",2023-02-02,10-K,2023,"(0001326801)_(Meta Platforms, Inc)_(2023-02-02)_(10-K).txt",0.0407,0.3896,10731,225,91,274,95,4,88,119,0.021,0.0085,0.0255,0.0089,0.0004,0.0082,0.0111,-134,0.4,172,0.0373,0.4155,203,0.019,0.3848,2025-10-21T16:24:47.237491
0001327567,Palo Alto Networks Inc,2023-09-01,10-K,2023,(0001327567)_(Palo Alto Networks Inc)_(2023-09-01)_(10-K).txt,0.0599,0.3933,4851,66,40,122,33,3,56,42,0.0136,0.0082,0.0251,0.0068,0.0006,0.0115,0.0087,-26,0.61,75,0.0337,0.3968,82,0.0548,0.4078,2025-10-21T16:24:47.278416
0001335258,"Live Nation Entertainment, Inc",2023-02-23,10-K,2023,"(0001335258)_(Live Nation Entertainment, Inc)_(2023-02-23)_(10-K).txt",0.0514,0.3449,5308,82,47,115,26,6,37,63,0.0154,0.0089,0.0217,0.0049,0.0011,0.007,0.0119,-35,0.57,48,0.0581,0.4014,138,0.0452,0.3437,2025-10-21T16:24:47.322431
0001336920,"Leidos Holdings, Inc",2023-02-14,10-K,2023,"(0001336920)_(Leidos Holdings, Inc)_(2023-02-14)_(10-K).txt",0.0544,0.3257,8920,111,64,193,181,1,76,99,0.0124,0.0072,0.0216,0.0203,0.0001,0.0085,0.0111,-47,0.58,104,0.0837,0.3816,182,0.058,0.3192,2025-10-21T16:24:47.471075
0001352010,"EPAM Systems, Inc",2023-02-24,10-K,2023,"(0001352010)_(EPAM Systems, Inc)_(2023-02-24)_(10-K).txt",0.0388,0.32,468,9,3,19,5,0,7,19,0.0192,0.0064,0.0406,0.0107,0.0,0.015,0.0406,-6,0.33,8,0.0028,0.252,8,0.0445,0.369,2025-10-21T16:24:47.291563
0001364742,BlackRock Inc,2023-02-24,10-K,2023,(0001364742)_(BlackRock Inc)_(2023-02-24)_(10-K).txt,0.0428,0.3692,13157,156,93,264,101,0,70,126,0.0119,0.0071,0.0201,0.0077,0.0,0.0053,0.0096,-63,0.6,109,0.0714,0.391,193,0.0205,0.3893,2025-10-21T16:24:47.606120
0001370637,ETSY INC,2023-02-23,10-K,2023,(0001370637)_(ETSY INC)_(2023-02-23)_(10-K).txt,0.0714,0.3671,6079,123,44,130,27,2,30,81,0.0202,0.0072,0.0214,0.0044,0.0003,0.0049,0.0133,-79,0.36,60,0.0927,0.3653,144,0.0424,0.3849,2025-10-21T16:24:47.484151
0001374310,"Cboe Global Markets, Inc",2023-02-17,10-K,2023,"(0001374310)_(Cboe Global Markets, Inc)_(2023-02-17)_(10-K).txt",0.0105,0.2812,14800,135,62,174,134,1,48,154,0.0091,0.0042,0.0118,0.0091,0.0001,0.0032,0.0104,-73,0.46,94,0.0544,0.3052,269,-0.0076,0.2711,2025-10-21T16:24:47.779014
0001383312,"BROADRIDGE FINANCIAL SOLUTIONS, INC",2023-08-08,10-K,2023,"(0001383312)_(BROADRIDGE FINANCIAL SOLUTIONS, INC)_(2023-08-08)_(10-K).txt",0.0564,0.3319,7286,78,50,165,65,0,47,51,0.0107,0.0069,0.0226,0.0089,0.0,0.0065,0.007,-28,0.64,88,0.0257,0.3511,141,0.0557,0.3341,2025-10-21T16:24:47.652330
0001385157,TE Connectivity Ltd,2023-11-13,10-K,2023,(0001385157)_(TE Connectivity Ltd)_(2023-11-13)_(10-K).txt,0.021,0.3228,10363,278,88,269,138,4,66,149,0.0268,0.0085,0.026,0.0133,0.0004,0.0064,0.0144,-190,0.32,166,-0.0005,0.3292,211,0.0266,0.3353,2025-10-21T16:24:47.750842
0001390777,Bank of New York Mellon Corp,2023-02-27,10-K,2023,(0001390777)_(Bank of New York Mellon Corp)_(2023-02-27)_(10-K).txt,0.0455,0.1515,39,0,0,0,1,0,0,1,0.0,0.0,0.0,0.0256,0.0,0.0,0.0256,0,,0,0.0,0.0,0,0.0,0.0,2025-10-21T16:24:47.609899
0001393311,Public Storage,2023-02-21,10-K,2023,(0001393311)_(Public Storage)_(2023-02-21)_(10-K).txt,0.0384,0.3714,6410,73,81,98,44,3,25,53,0.0114,0.0126,0.0153,0.0069,0.0005,0.0039,0.0083,8,1.11,72,0.0658,0.4108,148,0.0261,0.3603,2025-10-21T16:24:47.807154
0001393612,Discover Financial Services,2023-02-23,10-K,2023,(0001393612)_(Discover Financial Services)_(2023-02-23)_(10-K).txt,0.0423,0.3754,13077,399,70,234,139,5,97,149,0.0305,0.0054,0.0179,0.0106,0.0004,0.0074,0.0114,-329,0.18,162,0.039,0.3709,283,0.034,0.3894,2025-10-21T16:24:47.993913
0001396009,Vulcan Materials CO,2023-02-24,10-K,2023,(0001396009)_(Vulcan Materials CO)_(2023-02-24)_(10-K).txt,0.0971,0.376,17837,355,88,335,317,7,75,224,0.0199,0.0049,0.0188,0.0178,0.0004,0.0042,0.0126,-267,0.25,178,0.0813,0.4021,255,0.103,0.3737,2025-10-21T16:24:48.188364
0001403161,VISA INC,2023-11-15,10-K,2023,(0001403161)_(VISA INC)_(2023-11-15)_(10-K).txt,0.0596,0.3347,6440,156,45,148,109,2,54,66,0.0242,0.007,0.023,0.0169,0.0003,0.0084,0.0102,-111,0.29,94,0.0361,0.3304,136,0.0626,0.3345,2025-10-21T16:24:47.937816
0001403568,"Ulta Beauty, Inc",2023-03-24,10-K,2023,"(0001403568)_(Ulta Beauty, Inc)_(2023-03-24)_(10-K).txt",0.034,0.3342,3761,60,30,65,20,1,26,48,0.016,0.008,0.0173,0.0053,0.0003,0.0069,0.0128,-30,0.5,51,0.0314,0.3589,83,0.0265,0.2855,2025-10-21T16:24:47.896492
0001408198,MSCI Inc,2023-02-10,10-K,2023,(0001408198)_(MSCI Inc)_(2023-02-10)_(10-K).txt,0.0489,0.3813,6842,107,56,117,72,2,20,67,0.0156,0.0082,0.0171,0.0105,0.0003,0.0029,0.0098,-51,0.52,55,0.0718,0.3816,134,0.0392,0.3964,2025-10-21T16:24:48.062224
0001410636,"American Water Works Company, Inc",2023-02-15,10-K,2023,"(0001410636)_(American Water Works Company, Inc)_(2023-02-15)_(10-K).txt",0.0378,0.3663,10571,143,101,197,247,5,71,121,0.0135,0.0096,0.0186,0.0234,0.0005,0.0067,0.0114,-42,0.71,159,0.0212,0.3294,206,0.0442,0.3907,2025-10-21T16:24:48.191187
0001413447,NXP Semiconductors N.V,2023-03-01,10-K,2023,(0001413447)_(NXP Semiconductors N.V)_(2023-03-01)_(10-K).txt,0.058,0.3792,7128,109,44,148,83,2,56,74,0.0153,0.0062,0.0208,0.0116,0.0003,0.0079,0.0104,-65,0.4,97,0.0369,0.3599,141,0.058,0.3842,2025-10-21T16:24:48.172453
0001419612,"SOLAREDGE TECHNOLOGIES, INC",2023-02-22,10-K,2023,"(0001419612)_(SOLAREDGE TECHNOLOGIES, INC)_(2023-02-22)_(10-K).txt",0.0477,0.3467,8859,145,61,158,92,3,39,114,0.0164,0.0069,0.0178,0.0104,0.0003,0.0044,0.0129,-84,0.42,105,0.0733,0.3716,164,0.0314,0.3508,2025-10-21T16:24:48.279138
0001442145,"Verisk Analytics, Inc",2023-02-28,10-K,2023,"(0001442145)_(Verisk Analytics, Inc)_(2023-02-28)_(10-K).txt",0.0486,0.3246,7805,145,75,132,75,0,29,79,0.0186,0.0096,0.0169,0.0096,0.0,0.0037,0.0101,-70,0.52,63,0.0704,0.3922,232,0.0299,0.2974,2025-10-21T16:24:48.369352
0001463101,"Enphase Energy, Inc",2023-02-13,10-K,2023,"(0001463101)_(Enphase Energy, Inc)_(2023-02-13)_(10-K).txt",0.0359,0.3605,6028,104,47,155,60,0,48,73,0.0173,0.0078,0.0257,0.01,0.0,0.008,0.0121,-57,0.45,93,0.0256,0.3788,99,0.026,0.3477,2025-10-21T16:24:48.329119
0001466258,Trane Technologies plc,2023-02-10,10-K,2023,(0001466258)_(Trane Technologies plc)_(2023-02-10)_(10-K).txt,0.0744,0.3556,8515,137,89,194,155,4,35,109,0.0161,0.0105,0.0228,0.0182,0.0005,0.0041,0.0128,-48,0.65,130,0.0994,0.3886,161,0.0411,0.3591,2025-10-21T16:24:48.401380
0001467373,Accenture plc,2023-10-12,10-K,2023,(0001467373)_(Accenture plc)_(2023-10-12)_(10-K).txt,0.0562,0.3273,1740,33,17,35,17,0,13,26,0.019,0.0098,0.0201,0.0098,0.0,0.0075,0.0149,-16,0.52,22,0.0119,0.355,32,0.0802,0.3549,2025-10-21T16:24:48.327004
0001478242,IQVIA HOLDINGS INC,2023-02-15,10-K,2023,(0001478242)_(IQVIA HOLDINGS INC)_(2023-02-15)_(10-K).txt,0.034,0.3725,5142,73,52,150,62,0,32,74,0.0142,0.0101,0.0292,0.0121,0.0,0.0062,0.0144,-21,0.71,59,0.0564,0.3756,104,0.0089,0.3819,2025-10-21T16:24:48.467683
0001501585,"HUNTINGTON INGALLS INDUSTRIES, INC",2023-02-09,10-K,2023,"(0001501585)_(HUNTINGTON INGALLS INDUSTRIES, INC)_(2023-02-09)_(10-K).txt",0.0536,0.4052,11010,247,97,254,220,2,48,132,0.0224,0.0088,0.0231,0.02,0.0002,0.0044,0.012,-150,0.39,152,0.0361,0.3965,234,0.0397,0.3844,2025-10-21T16:24:48.618984
0001506307,"KINDER MORGAN, INC",2023-02-08,10-K,2023,"(0001506307)_(KINDER MORGAN, INC)_(2023-02-08)_(10-K).txt",0.0605,0.3377,8218,124,53,142,95,0,31,97,0.0151,0.0064,0.0173,0.0116,0.0,0.0038,0.0118,-71,0.43,74,0.0757,0.3271,140,0.0489,0.3674,2025-10-21T16:24:48.585485
0001510295,Marathon Petroleum Corp,2023-02-23,10-K,2023,(0001510295)_(Marathon Petroleum Corp)_(2023-02-23)_(10-K).txt,0.0022,0.4088,9325,152,82,203,70,12,72,149,0.0163,0.0088,0.0218,0.0075,0.0013,0.0077,0.016,-70,0.54,145,0.0191,0.4108,178,-0.0276,0.41,2025-10-21T16:24:48.630905
0001513761,Norwegian Cruise Line Holdings Ltd,2023-02-28,10-K,2023,(0001513761)_(Norwegian Cruise Line Holdings Ltd)_(2023-02-28)_(10-K).txt,0.046,0.3295,5564,132,54,144,66,3,52,109,0.0237,0.0097,0.0259,0.0119,0.0005,0.0093,0.0196,-78,0.41,95,0.0802,0.3375,124,0.0244,0.341,2025-10-21T16:24:48.610873
0001521332,Aptiv PLC,2023-02-08,10-K,2023,(0001521332)_(Aptiv PLC)_(2023-02-08)_(10-K).txt,0.0672,0.3859,24244,831,437,774,294,24,338,283,0.0343,0.018,0.0319,0.0121,0.001,0.0139,0.0117,-394,0.53,442,0.0782,0.4299,431,0.047,0.3612,2025-10-21T16:24:49.157665
0001524472,Xylem Inc,2023-02-24,10-K,2023,(0001524472)_(Xylem Inc)_(2023-02-24)_(10-K).txt,0.0771,0.3719,8428,186,115,185,76,1,46,101,0.0221,0.0136,0.022,0.009,0.0001,0.0055,0.012,-71,0.62,140,0.0678,0.385,183,0.069,0.3681,2025-10-21T16:24:48.838366
0001551152,AbbVie Inc,2023-02-17,10-K,2023,(0001551152)_(AbbVie Inc)_(2023-02-17)_(10-K).txt,0.0557,0.3458,8877,143,138,183,74,5,59,98,0.0161,0.0155,0.0206,0.0083,0.0006,0.0066,0.011,-5,0.97,139,0.0548,0.3404,166,0.0484,0.3532,2025-10-21T16:24:48.831593
0001555280,Zoetis Inc,2023-02-14,10-K,2023,(0001555280)_(Zoetis Inc)_(2023-02-14)_(10-K).txt,0.0711,0.3729,13409,374,143,430,96,10,155,183,0.0279,0.0107,0.0321,0.0072,0.0007,0.0116,0.0136,-231,0.38,195,0.0538,0.3424,230,0.0397,0.3801,2025-10-21T16:24:48.971326
0001564708,NEWS CORP,2023-08-15,10-K,2023,(0001564708)_(NEWS CORP)_(2023-08-15)_(10-K).txt,0.0424,0.3547,12965,233,109,234,87,5,56,155,0.018,0.0084,0.018,0.0067,0.0004,0.0043,0.012,-124,0.47,113,0.0461,0.3662,273,0.0239,0.3774,2025-10-21T16:24:49.152116
0001571949,"Intercontinental Exchange, Inc",2023-02-02,10-K,2023,"(0001571949)_(Intercontinental Exchange, Inc)_(2023-02-02)_(10-K).txt",0.0446,0.3272,14321,197,136,412,174,5,94,152,0.0138,0.0095,0.0288,0.0121,0.0003,0.0066,0.0106,-61,0.69,169,0.0612,0.3404,323,0.0342,0.3294,2025-10-21T16:24:49.213941
0001590895,"Caesars Entertainment, Inc",2023-02-22,10-K,2023,"(0001590895)_(Caesars Entertainment, Inc)_(2023-02-22)_(10-K).txt",0.04,0.3689,10609,206,77,192,138,8,53,127,0.0194,0.0073,0.0181,0.013,0.0008,0.005,0.012,-129,0.37,113,0.0497,0.395,223,0.0442,0.3546,2025-10-21T16:24:49.241542
0001590955,"Paycom Software, Inc",2023-02-16,10-K,2023,"(0001590955)_(Paycom Software, Inc)_(2023-02-16)_(10-K).txt",0.0658,0.3672,5469,47,62,107,43,4,45,62,0.0086,0.0113,0.0196,0.0079,0.0007,0.0082,0.0113,15,1.32,91,0.0731,0.3816,73,0.0508,0.3808,2025-10-21T16:24:49.276793
0001596532,"Arista Networks, Inc",2023-02-14,10-K,2023,"(0001596532)_(Arista Networks, Inc)_(2023-02-14)_(10-K).txt",0.0425,0.3555,4795,70,52,90,62,1,39,83,0.0146,0.0108,0.0188,0.0129,0.0002,0.0081,0.0173,-18,0.74,76,0.0402,0.369,102,0.0326,0.3694,2025-10-21T16:24:49.271480
0001596783,"Catalent, Inc",2023-06-12,10-K-A,2023,"(0001596783)_(Catalent, Inc)_(2023-06-12)_(10-K-A).txt",0.0479,0.326,12053,267,131,145,114,2,53,113,0.0222,0.0109,0.012,0.0095,0.0002,0.0044,0.0094,-136,0.49,89,0.0852,0.3484,304,0.0323,0.3157,2025-10-21T16:24:49.517788
0001596783,"Catalent, Inc",2023-12-08,10-K,2023,"(0001596783)_(Catalent, Inc)_(2023-12-08)_(10-K).txt",0.0209,0.3545,4061,48,17,36,123,3,31,23,0.0118,0.0042,0.0089,0.0303,0.0007,0.0076,0.0057,-31,0.35,44,0.003,0.3637,44,0.0221,0.3591,2025-10-21T16:24:49.351417
0001601046,"Keysight Technologies, Inc",2023-12-15,10-K,2023,"(0001601046)_(Keysight Technologies, Inc)_(2023-12-15)_(10-K).txt",0.066,0.3677,8739,182,87,234,123,9,58,125,0.0208,0.01,0.0268,0.0141,0.001,0.0066,0.0143,-95,0.48,151,0.0594,0.3643,195,0.0595,0.3674,2025-10-21T16:24:49.487736
0001604778,"Qorvo, Inc",2023-05-19,10-K,2023,"(0001604778)_(Qorvo, Inc)_(2023-05-19)_(10-K).txt",0.0532,0.3755,7916,160,53,194,71,6,63,164,0.0202,0.0067,0.0245,0.009,0.0008,0.008,0.0207,-107,0.33,111,0.0698,0.3426,184,0.0476,0.4123,2025-10-21T16:24:49.480221
0001618921,"Walgreens Boots Alliance, Inc",2023-10-12,10-K,2023,"(0001618921)_(Walgreens Boots Alliance, Inc)_(2023-10-12)_(10-K).txt",0.0579,0.3371,11646,353,155,254,147,2,54,106,0.0303,0.0133,0.0218,0.0126,0.0002,0.0046,0.0091,-198,0.44,112,0.1148,0.3971,248,0.0528,0.3524,2025-10-21T16:24:49.636293
0001633917,"PayPal Holdings, Inc",2023-02-10,10-K,2023,"(0001633917)_(PayPal Holdings, Inc)_(2023-02-10)_(10-K).txt",0.0304,0.3483,6820,226,57,214,80,1,79,73,0.0331,0.0084,0.0314,0.0117,0.0001,0.0116,0.0107,-169,0.25,103,0.0429,0.3925,151,0.0182,0.3295,2025-10-21T16:24:49.649918
0001637459,Kraft Heinz Co,2023-02-16,10-K,2023,(0001637459)_(Kraft Heinz Co)_(2023-02-16)_(10-K).txt,0.0518,0.3322,8636,274,63,194,130,1,36,159,0.0317,0.0073,0.0225,0.0151,0.0001,0.0042,0.0184,-211,0.23,134,0.0631,0.3788,186,0.0544,0.3339,2025-10-21T16:24:49.699818
0001645590,Hewlett Packard Enterprise Co,2023-12-22,10-K,2023,(0001645590)_(Hewlett Packard Enterprise Co)_(2023-12-22)_(10-K).txt,0.0546,0.3185,11794,200,77,240,89,1,61,133,0.017,0.0065,0.0203,0.0075,0.0001,0.0052,0.0113,-123,0.39,139,0.0514,0.3885,204,0.0374,0.2995,2025-10-21T16:24:49.809712
0001652044,Alphabet Inc,2023-02-03,10-K,2023,(0001652044)_(Alphabet Inc)_(2023-02-03)_(10-K).txt,0.0593,0.3386,7115,114,66,114,66,2,54,56,0.016,0.0093,0.016,0.0093,0.0003,0.0076,0.0079,-48,0.58,69,0.0813,0.374,163,0.0305,0.3341,2025-10-21T16:24:49.809111
0001679273,"Lamb Weston Holdings, Inc",2023-07-25,10-K,2023,"(0001679273)_(Lamb Weston Holdings, Inc)_(2023-07-25)_(10-K).txt",0.0605,0.3122,5396,79,55,105,23,0,50,59,0.0146,0.0102,0.0195,0.0043,0.0,0.0093,0.0109,-24,0.7,63,0.0652,0.3436,108,0.0572,0.3094,2025-10-21T16:24:49.772287
0001682852,"Moderna, Inc",2023-02-24,10-K,2023,"(0001682852)_(Moderna, Inc)_(2023-02-24)_(10-K).txt",0.0436,0.3559,4798,54,53,82,45,0,30,42,0.0113,0.011,0.0171,0.0094,0.0,0.0063,0.0088,-1,0.98,60,0.0442,0.3881,115,0.0283,0.3217,2025-10-21T16:24:49.825652
0001688568,DXC Technology Co,2023-05-19,10-K,2023,(0001688568)_(DXC Technology Co)_(2023-05-19)_(10-K).txt,0.0422,0.3409,8041,181,82,203,178,0,57,122,0.0225,0.0102,0.0252,0.0221,0.0,0.0071,0.0152,-99,0.45,120,0.0588,0.3924,117,0.0142,0.3257,2025-10-21T16:24:49.979565
0001701605,Baker Hughes Co,2023-02-14,10-K,2023,(0001701605)_(Baker Hughes Co)_(2023-02-14)_(10-K).txt,0.0656,0.3815,8490,227,104,174,108,2,69,142,0.0267,0.0122,0.0205,0.0127,0.0002,0.0081,0.0167,-123,0.46,140,0.0776,0.4158,223,0.0605,0.3653,2025-10-21T16:24:50.027692
0001705696,VICI PROPERTIES INC,2023-02-23,10-K,2023,(0001705696)_(VICI PROPERTIES INC)_(2023-02-23)_(10-K).txt,0.0704,0.3822,8723,103,52,130,67,1,28,104,0.0118,0.006,0.0149,0.0077,0.0001,0.0032,0.0119,-51,0.5,82,0.1022,0.4051,153,0.0393,0.375,2025-10-21T16:24:50.016966
0001711269,"Evergy, Inc",2023-02-24,10-K,2023,"(0001711269)_(Evergy, Inc)_(2023-02-24)_(10-K).txt",0.0519,0.3421,15616,242,108,251,224,4,68,181,0.0155,0.0069,0.0161,0.0143,0.0003,0.0044,0.0116,-134,0.45,137,0.0267,0.3012,275,0.0481,0.3729,2025-10-21T16:24:50.184528
0001725057,Ceridian HCM Holding Inc,2023-03-01,10-K,2023,(0001725057)_(Ceridian HCM Holding Inc)_(2023-03-01)_(10-K).txt,0.0448,0.3285,7723,103,62,91,58,0,21,76,0.0133,0.008,0.0118,0.0075,0.0,0.0027,0.0098,-41,0.6,75,0.0763,0.3423,145,0.0389,0.3224,2025-10-21T16:24:50.164032
0001730168,Broadcom Inc,2023-12-14,10-K,2023,(0001730168)_(Broadcom Inc)_(2023-12-14)_(10-K).txt,0.0386,0.3624,4624,72,44,132,33,1,46,60,0.0156,0.0095,0.0285,0.0071,0.0002,0.0099,0.013,-28,0.61,79,0.0623,0.3872,89,0.0127,0.35,2025-10-21T16:24:50.122334
0001732845,WestRock Co,2023-11-17,10-K,2023,(0001732845)_(WestRock Co)_(2023-11-17)_(10-K).txt,0.0391,0.3264,12431,285,121,250,105,3,72,186,0.0229,0.0097,0.0201,0.0084,0.0002,0.0058,0.015,-164,0.42,192,0.0328,0.3635,277,0.0209,0.2835,2025-10-21T16:24:50.315817
0001748790,Amcor plc,2023-08-17,10-K,2023,(0001748790)_(Amcor plc)_(2023-08-17)_(10-K).txt,0.0353,0.3394,9795,335,77,252,210,1,117,140,0.0342,0.0079,0.0257,0.0214,0.0001,0.0119,0.0143,-258,0.23,158,0.0478,0.3794,185,0.0243,0.3173,2025-10-21T16:24:50.362428
0001754301,Fox Corp,2023-08-11,10-K,2023,(0001754301)_(Fox Corp)_(2023-08-11)_(10-K).txt,0.0368,0.3516,8791,200,50,185,149,0,45,111,0.0228,0.0057,0.021,0.0169,0.0,0.0051,0.0126,-150,0.25,97,0.0174,0.3521,200,0.0349,0.3497,2025-10-21T16:24:50.371061
0001755672,"Corteva, Inc",2023-02-09,10-K,2023,"(0001755672)_(Corteva, Inc)_(2023-02-09)_(10-K).txt",-0.0045,0.3789,1457,25,10,48,40,0,12,41,0.0172,0.0069,0.0329,0.0275,0.0,0.0082,0.0281,-15,0.4,25,-0.0241,0.3888,22,0.013,0.4137,2025-10-21T16:24:50.221165
0001757898,STERIS plc,2023-05-26,10-K,2023,(0001757898)_(STERIS plc)_(2023-05-26)_(10-K).txt,0.0606,0.354,13428,323,109,284,201,2,78,151,0.0241,0.0081,0.0211,0.015,0.0001,0.0058,0.0112,-214,0.34,154,0.0446,0.3557,262,0.0731,0.3847,2025-10-21T16:24:50.532094
0001781335,Otis Worldwide Corp,2023-02-03,10-K,2023,(0001781335)_(Otis Worldwide Corp)_(2023-02-03)_(10-K).txt,0.0353,0.3388,11101,222,70,175,197,0,42,141,0.02,0.0063,0.0158,0.0177,0.0,0.0038,0.0127,-152,0.32,108,0.0448,0.3666,210,0.016,0.3179,2025-10-21T16:24:50.610942
0001783180,CARRIER GLOBAL Corp,2023-02-07,10-K,2023,(0001783180)_(CARRIER GLOBAL Corp)_(2023-02-07)_(10-K).txt,0.0614,0.3432,7030,120,104,156,79,1,29,93,0.0171,0.0148,0.0222,0.0112,0.0001,0.0041,0.0132,-16,0.87,108,0.0333,0.3753,173,0.0676,0.3158,2025-10-21T16:24:50.545637
0001792044,Viatris Inc,2023-02-27,10-K,2023,(0001792044)_(Viatris Inc)_(2023-02-27)_(10-K).txt,0.0375,0.354,9955,261,82,282,140,3,66,115,0.0262,0.0082,0.0283,0.0141,0.0003,0.0066,0.0116,-179,0.31,120,0.0498,0.3703,212,0.0224,0.3557,2025-10-21T16:24:50.628485
0001821825,Organon & Co,2023-02-27,10-K,2023,(0001821825)_(Organon & Co)_(2023-02-27)_(10-K).txt,0.0616,0.3487,5503,105,56,104,63,2,20,52,0.0191,0.0102,0.0189,0.0114,0.0004,0.0036,0.0094,-49,0.53,78,0.0525,0.3762,151,0.0539,0.3281,2025-10-21T16:24:50.671025
0001868275,Constellation Energy Corp,2023-02-16,10-K,2023,(0001868275)_(Constellation Energy Corp)_(2023-02-16)_(10-K).txt,0.045,0.3555,16499,282,129,397,220,5,108,254,0.0171,0.0078,0.0241,0.0133,0.0003,0.0065,0.0154,-153,0.46,226,0.0549,0.3913,238,0.0215,0.3453,2025-10-21T16:24:50.929823
